use library_system;
insert into book (book_id, ISBN, title, book_language, abstract, publisher, page_nr) values (1, '978-4427554329', 'Soldier Five : The Real Truth About The Bravo Two Zero Mission', 'English', 'SOLDIER FIVE is an elite soldier''s explosive memoir of his time within the Special Air Service (SAS) and, in particular, his experiences during the 1991 Gulf War. As a member of the Special Forces patrol now famously known by its call sign Bravo Two Zero, he and seven others were inserted hundreds of kilometres behind enemy lines. Their mission to reconnoitre targets, undertake surveillance of Scud missil sites and sabotage Iraqi communications links was to end in desperate failure.From the outset, the patrol was dogged by problems that contributed both directly and indirectly to the demise of the mission. The patrol''s compromise, and subsequent attempts to evade Iraqi troops, resulted in four members of Bravo Two Zero being captured and a further three killed. One escaped. But the story goes further that the Gulf War itself. Despite numerous books, films and articles on the same subject, the British Government has done its utmost to thwart the release of SOLDIER FIVE, at one stage claiming the book in its entirety was confidential. A campaign of harassment that took some four and a half years of litigation to resolve has now resulted in this controversial publication. SOLDIER FIVE is a gripping and suspenseful account of one man''s experiences as a Special Forces soldier. Revealing his conflicts and loyalties, and the relationships he forged both on and off the battlefield, this book is the resolution of a soldier''s determined fight to see his story told.', 'HarperCollins', '274');
insert into book (book_id, ISBN, title, book_language, abstract, publisher, page_nr) values (2, '979-2921371626', 'Underbelly : The Gangland War', 'English', 'John Moran and Carl Williams were the two biggest rival drug barons in Australia. They certainly weren''t partners, but they weren''t sworn enemies. One day, they had a meeting to end a dispute over drug money. Thinking he could scare his rival into submission, Moran pulled the trigger on Carl but decided not to finish the job off. It turned out to be the biggest mistake of his life.  Carl was hell bent on revenge. Within months, most of the Moran family and a host of underworld figures would die in an astonishing spate of revenge killings which shook the public and the police to the core. Murder, greed, drugs, sex and corruption abound in a story that reads like a piece of gangster fiction. But in Underbelly, the bullets and the blood are grippingly real.  This is true crime of the highest order - the amazing story of a powerful man who did things his way and eventually orchestrated his own terrible downfall.', 'Macmillan Publishers', '1330');
insert into book (book_id, ISBN, title, book_language, abstract, publisher, page_nr) values (3, '978-0966530164', 'A Sir Phillip, Con Amor', 'English', 'Sir Phillip knew that Eloise Bridgerton was a spinster, and so he''d proposed, figuring that she''d be homely and unassuming. ExceptΒ… she wasn''t. The beautiful woman on his doorstep was anything but quiet, and when she stopped talking long enough to close her mouth, all he wanted to do was kiss herΒ… and more.', 'Penguin Random House', '1254');
insert into book (book_id, ISBN, title, book_language, abstract, publisher, page_nr) values (4, '978-5942759142', 'QI: The Third Book of General Ignorance', 'English', 'The Third Book of General Ignorance  gathers together 180 questions, both new and previously featured on the  BBC TV programme''s popular ''General Ignorance'' round, and show why,  when it comes to general knowledge, none of us knows anything at all.', 'Pearson Education', '904');
insert into book (book_id, ISBN, title, book_language, abstract, publisher, page_nr) values (5, '979-1122264293', 'The Hidden Power of F*cking Up', 'English', 'The Try Guys deliver their first book-an inspirational self-improvement guide that teaches you that the path to success is littered with humiliating detours, embarrassing mistakes, and unexpected failures.', 'Hachette Livre', '647');
insert into book (book_id, ISBN, title, book_language, abstract, publisher, page_nr) values (6, '978-2159089989', 'The Grand Design', 'English', 'When and how did the universe begin? Why are we here? Is the apparent ''grand design'' of our universe evidence for a benevolent creator who set things in motion? Or does science offer another explanation?', 'Macmillan Publishers', '1460');
insert into book (book_id, ISBN, title, book_language, abstract, publisher, page_nr) values (7, '979-1998998929', '1,227 QI Facts To Blow Your Socks Off', 'English', 'Did you know that: cows moo in regional accents; the entire internet weighs less than a grain of sand; the dialling code from Britain to Russia is 007; potatoes have more chromosomes than human beings; the London Underground has made more money from its famous map than it has from running trains; Tintin is called Tantan in Japanese because TinTin is pronounced ''Chin chin'' and means penis; the water in the mouth of a blue whale weighs more than its body; Scotland has twice as many pandas as Conservative MPs; Saddam''s bunker was designed by the grandson of the woman who built Hitler''s bunker; Under the Wildlife and Countryside Act of 1981, it is explicitly illegal in Britain to use a machinegun to kill a hedgehog.', 'Penguin Random House', '242');
insert into book (book_id, ISBN, title, book_language, abstract, publisher, page_nr) values (8, '979-5610810791', 'The 100 Most Pointless Arguments in the World : A pointless book written by the presenters of the hit BBC 1 TV show', 'English', 'We''ve all had them, those pointless arguments that are seemingly impossible to solve. We''ve been round in circles trying to work out what came first, the chicken or the egg? Don''t get us started on the debate of what we are all here for? And you''re bound to have had sleepless nights pondering which ingredient you simply can''t do without in a full English Breakfast - sausage or bacon. Well worry no more, here to help you solve some of life''s biggest - and most pointless - conundrums are Alexander Armstrong and Richard Osman.', 'Taylor & Francis', '1628');
insert into book (book_id, ISBN, title, book_language, abstract, publisher, page_nr) values (9, '978-3191121753', 'Waking Up : A Guide to Spirituality Without Religion', 'English', 'For the millions of Americans who want spirituality without religion, Sam Harris''s latest New York Times bestseller is a guide to meditation as a rational practice informed by neuroscience and psychology. From Sam Harris, neuroscientist and author of numerous New York Times bestselling books, Waking Up is for the twenty percent of Americans who follow no religion but who suspect that important truths can be found in the experiences of such figures as Jesus, the Buddha, Lao Tzu, Rumi, and the other saints and sages of history. Throughout this book, Harris argues that there is more to understanding reality than science and secular culture generally allow, and that how we pay attention to the present moment largely determines the quality of our lives. Waking Up is part memoir and part exploration of the scientific underpinnings of spirituality. No other book marries contemplative wisdom and modern science in this way, and no author other than Sam Harris--a scientist, philosopher, and famous skeptic--could write it.', 'John Wiley & Sons', '180');
insert into book (book_id, ISBN, title, book_language, abstract, publisher, page_nr) values (10, '979-7906493024', 'Art Of Coloring: Muppets', 'English', 'Part of the Art of Coloring series, which has sold over 2 million copies across the U.S.', 'Penguin Random House', '886');
insert into book (book_id, ISBN, title, book_language, abstract, publisher, page_nr) values (11, '979-1282108506', 'Stranger Fillings : Edible recipes to turn your world upside down!', 'English', 'When a young boy goes missing, a small town uncovers a mystery involving secret recipes, supernatural whisking forces and one strange ingredient...', 'John Wiley & Sons', '1211');
insert into book (book_id, ISBN, title, book_language, abstract, publisher, page_nr) values (12, '979-9009806667', 'Biology of Belief: 10th Anniversary Edition', 'English', null, 'Perseus Books Group', '1329');
insert into book (book_id, ISBN, title, book_language, abstract, publisher, page_nr) values (13, '979-0245443157', 'Olivia Dress Me Up : A Magnetic Kit', 'English', 'Olivia believes in making every day an adventure, and you can help her with this fun, interactive mini kit featuring a cute magnet of Olivia, along with a full range of magnetic outfits and accessories to mix and match -  now she''s ready for anything! Also included is a 16-page full-colour sticker book.', 'Elsevier', '85');
insert into book (book_id, ISBN, title, book_language, abstract, publisher, page_nr) values (14, '979-5928075468', 'Bleak Expectations', 'English', 'Based on the beloved Radio 4 series, BLEAK EXPECTATIONS recounts the remarkable adventures of young Pip Bin as he tries to make his way in a world made all horrible by the machinations of his cruel guardian, Mr Gently Benevolent.', 'Wiley', '548');
insert into book (book_id, ISBN, title, book_language, abstract, publisher, page_nr) values (15, '979-5362818057', 'Reaching Down the Rabbit Hole : Extraordinary Journeys into the Human Brain', 'English', 'What is it like to try to heal the body when the mind is under attack? In this gripping and illuminating book, Dr Allan Ropper reveals the extraordinary stories behind some of the life-altering afflictions that he and his staff are confronted with at the Neurology Unit of Harvard''s Brigham and Women''s Hospital.', 'Scholastic', '330');
insert into book (book_id, ISBN, title, book_language, abstract, publisher, page_nr) values (16, '978-9653777559', 'QI Annual 2011', 'English', 'Imagine an incredible edition of Guinness World Records created by Stephen Fry, Alan Davies, Jo Brand, Bill Bailey and other regular guests on the QI show... The QI Annual 2011 features original contributions from stand up comedians and presents a whole heap-full of QI''s weird, wonderful and really quite interesting facts.', 'Cambridge University Press', '1958');
insert into book (book_id, ISBN, title, book_language, abstract, publisher, page_nr) values (17, '979-2030977128', 'Insufficiently Welsh', 'English', 'Griff Rhys Jones is searching for that Welsh part of himself that he has felt ever since being forced to sing in the choir in church and pack down for the school first XV, all in suburban Essex. Join Griff on his journey through Snowdonia, Anglesey, the Gower, mid Wales, Brecon, Pembrokeshire, north Wales and Monmouthshire. Packed with all manners of weird, wonderful and enlightening facts, you''ll learn as much about Wales as you do Griff. "I am going out on the road to search for my Celtic roots and explore ''the land of my aunties''. The language, the landscape, rugby, dogs, legends, botany, wildlife, furniture and a bit more on the side: I looked into them all and here are the results..." But is Griff Rhys Jones Insufficiently Welsh?', 'John Wiley & Sons', '1873');
insert into book (book_id, ISBN, title, book_language, abstract, publisher, page_nr) values (18, '979-1683481330', 'Bonk : The Curious Coupling Of Sex And Science', 'English', 'Few things are as fundamental to human happiness as sex, and few writers are as entertaining about the subject as Mary Roach.', 'Wiley', '1498');
insert into book (book_id, ISBN, title, book_language, abstract, publisher, page_nr) values (19, '979-2686191344', 'Steptoe & Son: Series 5 & 6 : 15 episodes of the classic BBC radio sitcom', 'English', 'Series 5 and 6 of the vintage radio sitcom starring Harry H Corbett and Wilfrid Brambell, adapted from the much-loved TV series.', 'Hachette Livre', '1108');
insert into book (book_id, ISBN, title, book_language, abstract, publisher, page_nr) values (20, '978-8846480695', 'A Travel Guide to the Seven Kingdoms of Westeros', 'English', 'Bustling cities, ancient wonders and snow-peaked mountain ranges; the Seven Kingdoms of Westeros are an attractive destination for travellers (there''s a reason why so many invaders have crossed the Narrow Sea over the centuries).  This guidebook will escort you through a realm rich in culture, jaw-dropping natural beauty and Lannister gold; helping you to navigate a continent where the landscape shifts almost as often as the balance of political power. Whether you''re looking to don your furs and follow in the footsteps of the First Men, spend an evening sharing summerwine (and a lot more besides) in Dorne, or simply root out the best ''Bowl o''Brown'' in King''s Landing; this travel companion has you covered.  Created with you in mind, this book (based entirely on George R. R Martin''s smash hit fantasy series) includes:  ''Must See'' best sights in the Seven Kingdoms (and beyond).  Practical advice on getting around, where to stay and how to ensure you keep your head attached to your shoulders for the duration of your visit. An amusing and informative look at the history of the region for those wanting to learn more about their surroundings.No spoilers for those who are fans of the HBO show.', 'Penguin Random House', '1575');
insert into book (book_id, ISBN, title, book_language, abstract, publisher, page_nr) values (21, '979-4049613916', 'The Seven Daughters Of Eve', 'English', 'In 1994 Professor Bryan Sykes, a leading world authority on DNA and human evolution, was called in to examine the frozen remains of a man trapped in glacial ice in northern Italy. News of the discovery of the Ice Man and his age, which was put at over five thousand years old, fascinated the world. But what made the story particularly extraordinary was that Professor Sykes was also able to track down a living generic relative of the Ice Man, a woman living in Britain today.', 'Cengage Learning', '1876');
insert into book (book_id, ISBN, title, book_language, abstract, publisher, page_nr) values (22, '978-8023669771', 'Mortimer & Whitehouse: Gone Fishing', 'English', 'The Sunday Times bestseller', 'McGraw-Hill Education', '69');
insert into book (book_id, ISBN, title, book_language, abstract, publisher, page_nr) values (23, '978-5312449065', 'Otherhood', 'English', 'First published as Whatever Makes You Happy, the hilarious and moving novel about mothers and their adult sons, now a Netflix original movie starring Felicity Huffman, Angela Bassett and Patricia Arquette which has now been viewed on over 27 million accounts worldwide', 'Simon & Schuster', '1256');
insert into book (book_id, ISBN, title, book_language, abstract, publisher, page_nr) values (24, '978-0037973949', 'The Fourth Industrial Revolution', 'English', '''In this book, Klaus Schwab and the World Economic Forum contribute significantly to one of the most important issues of our time - how to move forward in the Fourth Industrial Revolution'' Jack Ma, Executive Chairman, Alibaba Group Holding, People''s Republic of China', 'Scholastic', '1870');
insert into book (book_id, ISBN, title, book_language, abstract, publisher, page_nr) values (25, '978-5132561931', 'How to Be Narstie', 'English', 'Mans here to help you help yourself.', 'Pearson Education', '627');
insert into book (book_id, ISBN, title, book_language, abstract, publisher, page_nr) values (26, '978-9358125816', 'Livin'' the Dreem : A Year in My Life', 'English', 'Harry Hill''s unexpurgated diary of his year promises to do for the celebrity memoir what the Hadron Collider has done for particle acceleration.', 'Workman Publishing', '1947');
insert into book (book_id, ISBN, title, book_language, abstract, publisher, page_nr) values (27, '979-9116217677', 'Where Good Ideas Come from : The Natural History of Innovation', 'English', 'A fascinating deep dive on innovation from the New York Times bestselling author of How We Got To Now and Unexpected Life The printing press, the pencil, the flush toilet, the battery--these are all great ideas. But where do they come from? What kind of environment breeds them? What sparks the flash of brilliance? How do we generate the breakthrough technologies that push forward our lives, our society, our culture? Steven Johnson''s answers are revelatory as he identifies the seven key patterns behind genuine innovation, and traces them across time and disciplines. From Darwin and Freud to the halls of Google and Apple, Johnson investigates the innovation hubs throughout modern time and pulls out the approaches and commonalities that seem to appear at moments of originality.', 'Wiley', '698');
insert into book (book_id, ISBN, title, book_language, abstract, publisher, page_nr) values (28, '979-4091463039', 'Only Fools and Horses : 16 Classic BBC TV Soundtracks', 'English', 'Sixteen TV soundtracks of the award-winning TV show collected together for the first time, starring David Jason as ambitious market trader Del Boy Trotter, and Nicholas Lyndhurst as his younger brother Rodney Trotter.', 'Cambridge University Press', '206');
insert into book (book_id, ISBN, title, book_language, abstract, publisher, page_nr) values (29, '978-6821234363', 'How to Be Narstie', 'English', 'This book is for da real Gs and ladies.', 'Pearson Education', '1246');
insert into book (book_id, ISBN, title, book_language, abstract, publisher, page_nr) values (30, '978-3801685868', 'The Future of Humanity : Terraforming Mars, Interstellar Travel, Immortality, and Our Destiny Beyond', 'English', 'A SUNDAY TIMES BOOK OF THE YEAR', 'Oxford University Press', '539');
insert into book (book_id, ISBN, title, book_language, abstract, publisher, page_nr) values (31, '978-6359050799', 'TV Go Home', 'English', 'TV Go Home began life in the late 1990s as an outrageously funny website by Charlie Brooker which parodied the Radio Times, and was turned into a book in 2001 when Brooker was still a relative unknown. It was a brutal and surreal satire of the world of TV, media and celebrity, written with Brooker''s trademark savage wit. Unavailable for some years, we are republishing it to reach his many thousands of new fans.', 'Cambridge University Press', '1718');
insert into book (book_id, ISBN, title, book_language, abstract, publisher, page_nr) values (32, '979-2934988826', 'Alan Partridge: Nomad', 'English', 'In ALAN PARTRIDGE: NOMAD, Alan dons his boots, windcheater and scarf and embarks on an odyssey through a place he once knew - it''s called Britain - intent on completing a journey of immense personal significance.', 'HarperCollins', '1893');
insert into book (book_id, ISBN, title, book_language, abstract, publisher, page_nr) values (33, '978-7585098879', 'The World is Flat : The Globalized World in the Twenty-first Century', 'English', 'The beginning of the twenty-first century will be remembered, Friedman argues, not for military conflicts or political events, but for a whole new age of globalization - a ''flattening'' of the world. The explosion of advanced technologies now means that suddenly knowledge pools and resources have connected all over the planet, levelling the playing field as never before, so that each of us is potentially an equal - and competitor - of the other. The rules of the game have changed forever - but does this ''death of distance'', which requires us all to run faster in order to stay in the same place, mean the world has got too small and too flat too fast for us to adjust? Friedman brilliantly demystifies the exciting, often bewildering, global scene unfolding before our eyes, one which we sense but barely yet understand. The World is Flat is the most timely and essential update on globalization, its successes and its discontents, powerfully illuminated by a world-class writer.', 'Oxford University Press', '1965');
insert into book (book_id, ISBN, title, book_language, abstract, publisher, page_nr) values (34, '979-4064503112', 'South Park: Butters vs. Professor Chaos', 'English', 'The most popular character (or is that "characters"?) in "South Park" can now be yours! Over the last few years Butters has become a fan favorite and his alter-ego, Professor Chaos, has only increased his popularity. This kit features a spectacular dual-window Mega Mini Kit box, and will release in time for Comedy Central''s extensive 15th Anniversary of South Park events in October 2011.The kit includes one Butters figurine and one Professor Chaos figurine, plus a 16-page sticker booklet with eight full-color images of some of the most famous scenes featuring Butters and Professor Chaos.(c)2011 Comedy Partners. All Rights Reserved. SOUTH PARK and all related titles, logos, and characters are trademarks of Comedy Partners.', 'John Wiley & Sons', '1006');
insert into book (book_id, ISBN, title, book_language, abstract, publisher, page_nr) values (35, '978-0614252497', 'The Brady Bunch Guide to Life', 'English', 'The quirky wisdom and sensible advice of The Brady Bunch - the first family of 1970''s television - have been drawn from five seasons of episodes and condensed into a pocket - sized guide to life.. The Brady Bunch show first went on air in 1974 and has continued to broadcast in reruns. A touchstone of American popular culture and a pure example of classic TV, it has been reincarnated in the blockbuster movies, The Brady Bunch Movie and A Very Brady Sequel.. The show''s format is perfect for scripting "life lessons" and in-jokes. Each episode dealt with some aspect of life that, in 30 minutes, was neatly resolved, complete with an important moral.. This Miniature Edition is a perfect slice of nostalgia for anyone who enjoys the occasional rerun of a TV classic. It includes hilarious and very Brady tips on how to deal with siblings, conquer pre-teen angst and generally be an all-round balanced person.', 'Taylor & Francis', '1845');
insert into book (book_id, ISBN, title, book_language, abstract, publisher, page_nr) values (36, '979-3763030816', 'The Oxford Book of Modern Science Writing', 'English', 'Selected and introduced by Richard Dawkins, The Oxford Book of Modern Science Writing is a celebration of the finest writing by scientists for a wider audience - revealing that many of the best scientists have displayed as much imagination and skill with the pen as they have in the laboratory.', 'Wiley', '216');
insert into book (book_id, ISBN, title, book_language, abstract, publisher, page_nr) values (37, '978-1319362277', 'How I Met Your Mother Mini Kit : Mini Barney Bobblehead Included!', 'English', 'Legen . . . wait for it . . . dary!', 'Macmillan Publishers', '332');
insert into book (book_id, ISBN, title, book_language, abstract, publisher, page_nr) values (38, '978-6800894403', 'The "League of Gentlemen"''s Book of Precious Things', 'English', '"The League of Gentlemen" have been making audiences laugh for years, but what makes them tick and what is behind their dark, twisted humour? In this book, all four members have assembled a stunning collection of prose, poetry, sketches, lyrics and classic film scenes to create a very special "Book of Precious Things". "The League of Gentlemen" was critically acclaimed when the first series was shown on BBC2 in 1999. Already known from their radio show "On The Town...," the League were much discussed, with their unique mixture of very black comedy and harrowing social observation set in the fictional town of Royston Vasey. With a mind-blowing mixture of influences from "Hammer Horror", "Carry On" and Martin Amis to Monty Python, Shakespeare and Victoria Wood, the League are utterly unique and more than a little disturbing!', 'Simon & Schuster', '275');
insert into book (book_id, ISBN, title, book_language, abstract, publisher, page_nr) values (39, '979-0169471277', 'Reactions : An Illustrated Exploration of Elements, Molecules, and Change in the Universe', 'English', 'With Reactions bestselling author Theodore Gray continues the journey through our molecular and chemical world that began with the tour de force The Elements and continued with Molecules. In The Elements, Gray gave us a never-before-seen, mesmerizing photographic view of the 118 elements in the periodic table. In Molecules, with the same phenomenal photographic acumen, plus beautifully rendered computer generated graphics, he showed us how the elements combine to form the content that makes up our universe, from table salt to oxygen to the panoply of colors and smells that surround us.', 'Perseus Books Group', '1067');
insert into book (book_id, ISBN, title, book_language, abstract, publisher, page_nr) values (40, '978-0185349597', 'Have I Got News For You: Guide to Modern Britain', 'English', 'Did you know that foreigners who want to live in Britain have to pass a government test to get in? It''s true, and some of the questions are harder than "Why does everyone hate Manchester United?"', 'Taylor & Francis', '593');
insert into book (book_id, ISBN, title, book_language, abstract, publisher, page_nr) values (41, '978-2679244256', 'Giles and Sue Live The Good Life', 'English', 'For the 35th anniversary of iconic sitcom The Good Life, and in homage to Tom and Barbara Good, Giles Coren and Sue Perkins are trying out self-sufficiency in the suburbs. But is it really possible to live out of the rat race and off grid in modern Britain?', 'Workman Publishing', '73');
insert into book (book_id, ISBN, title, book_language, abstract, publisher, page_nr) values (42, '978-0809847138', 'Love Your Body : A Positive Affirmation Guide for Loving and Appreciating Your Body', 'English', '''Each part of your body will be working perfectly as a harmonious whole. You will even find lines disappearing, weight normalizing, and posture straightening.'' -- Louise L. Hay', 'Penguin Random House', '1142');
insert into book (book_id, ISBN, title, book_language, abstract, publisher, page_nr) values (43, '979-0946682029', 'Livin'' the Dreem : A Year in My Life', 'English', null, 'Cengage Learning', '1520');
insert into book (book_id, ISBN, title, book_language, abstract, publisher, page_nr) values (44, '979-0229206548', 'Livin'' the Dreem : A Year in the Life of Harry Hill', 'English', 'Harry Hill''s unexpurgated diary of his year promises to do for the celebrity memoir what the Hadron Collider has done for particle acceleration. Think Samuel Pepys meets Katie Price. This frank and sometimes controversial diary details one hectic year in the eye of the showbiz storm, cut with a heavy mix of the day-to-day goings on in Bexhill, where Harry lives at home with his mother and occasional Filipino fiance, Lay Dee. Follow the near fatal goings-on during Harry''s filming of Britain''s "Most Dangerous Roads", his attempts to become a judge on "X Factor" and his struggle to meet the Welsh chanteuse Duffy at Warwick Avenue. Read of his dog''s ongoing battle with the bottle, and how he is sacked from the sniffer staff at Gatwick Airport due to sexual harassment. Learn how Harry''s Nan gets on in her holiday home in Iraq, her affair with the milkman and her subsequent struggle to have fun whilst living on a curfew.', 'Perseus Books Group', '1885');
insert into book (book_id, ISBN, title, book_language, abstract, publisher, page_nr) values (45, '978-9590337796', 'The Second Machine Age : Work, Progress, and Prosperity in a Time of Brilliant Technologies', 'English', 'In recent years, Google''s autonomous cars have logged thousands of miles on American highways and IBM''s Watson trounced the best human Jeopardy! players. Digital technologies-with hardware, software, and networks at their core-will in the near future diagnose diseases more accurately than doctors can, apply enormous data sets to transform retailing, and accomplish many tasks once considered uniquely human. In The Second Machine Age MIT''s Erik Brynjolfsson and Andrew McAfee-two thinkers at the forefront of their field-reveal the forces driving the reinvention of our lives and our economy. As the full impact of digital technologies is felt, we will realize immense bounty in the form of dazzling personal technology, advanced infrastructure, and near-boundless access to the cultural items that enrich our lives.', 'Scholastic', '106');
insert into book (book_id, ISBN, title, book_language, abstract, publisher, page_nr) values (46, '978-6134907081', 'Breaking Bad Say My Name Badass Best Quotes', 'English', 'Revisit the most memorable scenes from Breaking Bad, the multi award-winning series created by Vince Gilligan. The most iconic moments from this thrilling drama are recorded in chronological order using quotes and pictures.', 'Hachette Livre', '1482');
insert into book (book_id, ISBN, title, book_language, abstract, publisher, page_nr) values (47, '978-2781658845', 'Lisa Simpson''s Guide to Geek Chic', 'English', 'In Lisa Simpson''s Guide to Geek Chic, Springfield''s most sensitive student reveals the secrets of being a misunderstood geek goddess. Geeks are no longer just those sideshow freaks biting the heads off chickens. Geeks are now freaks about all kinds of other things and are proud to let it show. Geek is now chic, nerdy is now noble, and dorky is now desirable, as they always should have been. The readers, the writers, the scientists, and the creators are now at the top of the heap, and it''s time to show the rest of the world what they are made of...beside mostly oxygen, carbon, hydrogen, nitrogen, calcium, and phosphorus, of course. Let your geek flag fly!', 'Simon & Schuster', '279');
insert into book (book_id, ISBN, title, book_language, abstract, publisher, page_nr) values (48, '978-1589386781', 'The History of Medicine: A Very Short Introduction', 'English', 'Against the backdrop of unprecedented concern for the future of health care, this  Very Short Introduction surveys the history of medicine from classical times to the present. Focussing on the key turning points in the history of Western medicine, such as the advent of hospitals and the rise of experimental medicine, Bill Bynum offers insights into medicine''s past, while at the same time engaging with contemporary issues, discoveries, and controversies.', 'Simon & Schuster', '1430');
insert into book (book_id, ISBN, title, book_language, abstract, publisher, page_nr) values (49, '978-2912575595', 'Back to the Front: v.2', 'English', null, 'John Wiley & Sons', '1542');
insert into book (book_id, ISBN, title, book_language, abstract, publisher, page_nr) values (50, '979-9097678512', '"Victoria Wood"', 'English', null, 'Cengage Learning', '399');
insert into book (book_id, ISBN, title, book_language, abstract, publisher, page_nr) values (51, '978-9352540469', 'Enlightenment Now : The Case for Reason, Science, Humanism, and Progress', 'English', 'INSTANT NEW YORK TIMES BESTSELLER', 'Macmillan Publishers', '1774');
insert into book (book_id, ISBN, title, book_language, abstract, publisher, page_nr) values (52, '978-6884043216', '"Yes Minister"', 'English', null, 'Springer Nature', '519');
insert into book (book_id, ISBN, title, book_language, abstract, publisher, page_nr) values (53, '979-5547666970', 'The "Fast Show"', 'English', null, 'Cambridge University Press', '773');
insert into book (book_id, ISBN, title, book_language, abstract, publisher, page_nr) values (54, '978-1444048955', 'The Changing Mind : A Neuroscientist''s Guide to Ageing Well', 'English', 'THE NEW YORK TIMES BESTSELLER ** THE SUNDAY TIMES BESTSELLER', 'Perseus Books Group', '1749');
insert into book (book_id, ISBN, title, book_language, abstract, publisher, page_nr) values (55, '978-0458261799', '"Have I Got News for You"', 'English', 'This compilation includes the best of Angus Deaton''s last two series as chairman, plus the best of the Autumn 2002 and Spring 2003 series - in which the chairman''s post was taken by a number of celebrity guests.', 'Penguin Random House', '684');
insert into book (book_id, ISBN, title, book_language, abstract, publisher, page_nr) values (56, '979-5922811814', 'Little Britain:Best Of TV Series 3', 'English', 'Bubbles is back! But has she met her match with arch-enemy Desiree? In this battle of the bulge, who''ll come out on top? Dudley''s Thai mail-order bride arrives, but can he get to grips with Ting Tong? Anne appears on Stars in Their Eyes, hosted by Cat Deeley. What will she sing? `Tonight, Matthew, I''m going to be Celine Dion...''   Highlights from the third TV series also include Lou and Andy getting into an awful kerfuffle over boob jobs and slow-drying patios, the Prime Minister and Sebastian exchanging favours, Dafydd canvassing support in the local Bi Elections, and Emily and Florence going on their (very small) hen night.   Hold the front page! Vicky Pollard has some scandal for the press (for a price) and Marjorie Dawes finally apologises to her FatFighters. By the way, computer still says `No''...   Created and performed by comic sensations Matt Lucas and David Walliams, and including Tom Baker''s insightful narration, this must-see TV series is now a must-hear.   Guest stars include Anthony Head, Nigel Havers, Rob Brydon, Imelda Staunton, Richard Madeley, Judy Finnigan and Ruth Madoc.', 'HarperCollins', '58');
insert into book (book_id, ISBN, title, book_language, abstract, publisher, page_nr) values (57, '978-3517012922', 'The Ascent Of Man', 'English', 'Dr Jacob Bronowksi''s The Ascent of Man traces the development of human society through our understanding of science.', 'Perseus Books Group', '461');
insert into book (book_id, ISBN, title, book_language, abstract, publisher, page_nr) values (58, '979-3186912716', 'Complexity : A Guided Tour', 'English', 'What enables individually simple insects like ants to act with such precision and purpose as a group? How do trillions of neurons produce something as extraordinarily complex as consciousness? In this remarkably clear and companionable book, leading complex systems scientist Melanie Mitchell provides an intimate tour of the sciences of complexity, a broad set of efforts that seek to explain how large-scale complex, organized, and adaptive behavior can emerge from', 'Workman Publishing', '681');
insert into book (book_id, ISBN, title, book_language, abstract, publisher, page_nr) values (59, '979-4657864497', '10 Wonderful Years', 'English', null, 'Oxford University Press', '1024');
insert into book (book_id, ISBN, title, book_language, abstract, publisher, page_nr) values (60, '978-9408347930', 'The Call of the Weird : Travels in American Subcultures', 'English', 'For ten years Louis Theroux has been making programmes about off-beat characters on the fringes of US society. Now he revisits America and the people who have most fascinated him to try to discover what motivates them, why they believe the things they believe, and to find out what has happened to them since he last saw them. Along the way Louis thinks about what drives him to spend so much time among weird people, and considers whether he''s learned anything about himself in the course of ten years working with them. Has he manipulated the people he''s interviewed, or have they manipulated him? From his Las Vegas base, Louis revisits the assorted dreamers and outlaws who have been his TV feeding ground. Attempting to understand a little about himself and the workings of his own mind, Louis considers questions such as: What is the difference between pathology and ''normal'' weirdness? Is there something particularly weird about Americans? What does it mean to be weird, or ''to be yourself''? And do we choose our beliefs or do our beliefs choose us?', 'Penguin Random House', '608');
insert into book (book_id, ISBN, title, book_language, abstract, publisher, page_nr) values (61, '978-8887988250', 'Missing Microbes : How Killing Bacteria Creates Modern Plagues', 'English', 'A clarion call to save humanity''s most essential fellow creatures - and our health', 'Perseus Books Group', '1811');
insert into book (book_id, ISBN, title, book_language, abstract, publisher, page_nr) values (62, '979-1364869174', 'Fawlty Towers : Second Sitting', 'English', 'John Cleese, Prunella Scales, Connie Booth and Andrew Sachs star in two BBC TV episodes, ''The Rat'' and ''The Builders''.   In ''The Rat'', the hotel faces closure due to lack of cleanliness - and two dead `pig-ee-ons'' in the watertank. Basil, Sybil and the staff have until the health inspector returns tomorrow to sort out all the problems. First, Basil has to get rid of Manuel''s `hamster''.  Basil and Sybil have the weekend off in ''The Builders'' and leave Polly in charge. But, it''s O''Reilly''s men that are coming and Polly goes upstairs for a siesta. Which leaves Manuel in charge...   Vintage Beeb: classic albums first available as BBC LPs, now on CD for the first time ever.   This recording was previously released on LP in 1981.', 'Scholastic', '542');
insert into book (book_id, ISBN, title, book_language, abstract, publisher, page_nr) values (63, '979-1537959492', 'Fawlty Towers Series 1', 'English', 'Fawlty Towers is one of the nation''s favourite sitcoms, consistently topping polls to find the best comedy show ever. Though only twelve episodes were ever made, each one is a comic masterpiece.   In these six episodes, incompetent hotelier Basil Fawlty strives for success but is continually foiled at every turn. In ''A Touch of Class'', he tries to attract a better class of hotel guest; while in ''The Builders'', he hires O''Reilly''s men to carry out some maintenance - but is the cheapest option really the best? In ''The Wedding Party'', he suspects hanky panky when an unmarried couple request a double room; and in ''The Hotel Inspectors'', Basil is horrified when he realises he needs to be polite to the guests in case one of them is an undercover inspector. ''Gourmet Night'' sees him organising an evening of fine dining - but will new chef Kurt be able to cope? And in ''The Germans'', Basil struggles not to cause offence to a party of German guests. As long as he doesn''t mention the war...   John Cleese stars as Basil Fawlty, with Prunella Scales as Sybil, Connie Booth as Polly and Andrew Sachs as Manuel.', 'Scholastic', '299');
insert into book (book_id, ISBN, title, book_language, abstract, publisher, page_nr) values (64, '979-1384166938', 'How We Became Posthuman : Virtual Bodies in Cybernetics, Literature, and Informatics', 'English', 'Separating hype from fact, this text investigates the fate of embodiment in the information age. It relates three interwoven stories: how information lost its body, that is, how it came to be conceptualized as an entity separate from the material forms that carry it; the cultural and technological constuction of the cyborg; and the dismantling of the humanist "subject" in cybernetic discourse, along with the emergence of the "posthuman". Ranging across the history of technology, cultural studies and literary criticism, the text shows what had erased, forgotten, and elided to conceive of information as a disembodied entity. The author moves from the post-World War II Macy Conferences on cybernetics to the 1952 novel "Limbo" by Bernard Wolfe; from the concept of self-making to Philip K. Dick''s literary explorations of hallucination and reality; and from artificial life to postmodern novels exploring the implications of seeing humans as cybernetic systems.', 'Elsevier', '503');
insert into book (book_id, ISBN, title, book_language, abstract, publisher, page_nr) values (65, '979-9241609262', 'The "League of Gentlemen"', 'English', null, 'Bloomsbury Publishing', '64');
insert into book (book_id, ISBN, title, book_language, abstract, publisher, page_nr) values (66, '978-8853604230', 'The Morecambe and Wise Quiz Book', 'English', 'Despite no-longer being with us, Morecambe & Wise continue to be a much-loved comedy double act who, thanks to regular repeats of their TV work, continue to generate laughs from fans both old and new. The Morecambe & Wise Quiz Book gives people of all ages the chance to indulge themselves in all things related to Eric and Ernie. Both men may have danced into the sunset, but their legacy, created by the brilliance of their partnership, will live on forever and this new book not only pays tribute to them, but firmly tests a fan''s knowledge. Featuring 1,000 questions, the book takes us on a quiz journey through Eric and Ernie''s various stage, film, TV and radio credits. Along the way, the text pauses to allow the reader to enjoy a selection of recollections from those who worked with the duo both in-front and behind the scenes, as well as providing fascinating facts and figures connected with the double act. Dedicated to the late comedians, this new quiz book will bring you sunshine on a rainy afternoon and make you smile as you recall the laughter that Morecambe & Wise brought the nation.', 'Hachette Livre', '322');
insert into book (book_id, ISBN, title, book_language, abstract, publisher, page_nr) values (67, '978-1458279148', 'The Gendered Brain : The new neuroscience that shatters the myth of the female brain', 'English', 'Barbie or Lego? Reading maps or reading emotions? Do you have a female brain or a male brain? Or is that the wrong question?', 'Simon & Schuster', '919');
insert into book (book_id, ISBN, title, book_language, abstract, publisher, page_nr) values (68, '979-1775358171', 'Lasted Yet Another Year', 'English', 'Comedian, broadcaster, and writer Steve N Allen takes a look at the news in a different way', 'Pearson Education', '872');
insert into book (book_id, ISBN, title, book_language, abstract, publisher, page_nr) values (69, '979-0806033773', 'You Bantering Me? : The life story of Love Island''s biggest star', 'English', 'With the nation gripped by Love Island fever, the show''s most popular contestant ever shares his unique take on the world in a book that will be hilarious, endearing, heartfelt and as lovable as its author.', 'Perseus Books Group', '1322');
insert into book (book_id, ISBN, title, book_language, abstract, publisher, page_nr) values (70, '979-4021135708', 'Making Sense : Conversations on Consciousness, Morality and the Future of Humanity', 'English', '"Civilization rests on a series of successful conversations." -Sam Harris', 'John Wiley & Sons', '255');
insert into book (book_id, ISBN, title, book_language, abstract, publisher, page_nr) values (71, '978-0243210761', 'Through it All I''ve Always Laughed : Memoirs of Count Arthur Strong', 'English', 'Count Arthur Strong tells the story of his extraordinary journey from his humble early years as the only son of a contortionist in wartime Doncaster to the dizzy heights and excesses of fame as one of the shining lights of popular entertainment. Count Arthur Strong is a show business legend, after-dinner speaker and a leading authority on Ancient Egypt, having been stationed there during his nation service. He has countless friends in the showbiz world. People like Barry Cryer, the white haired one with glasses off ''I''m Sorry I Haven''t Got A Clue'' and ''Jokers Wild''. This is his first volume, of what he believes may be a 6 volume collection, of his memoirs. He has a few select dates still available for anything (except window cleaning) and is represented, (if you can call it that) by Richard Daws at Komedia Entertainment. (Or if you want to go directly through me and pay cash, I can do that as well.) (In fact I prefer that.) Thank you.', 'McGraw-Hill Education', '933');
insert into book (book_id, ISBN, title, book_language, abstract, publisher, page_nr) values (72, '979-1150858055', 'Blackadder: The Complete Collected Series', 'English', 'The complete soundtracks of all four Blackadder TV series plus over 3 hours of specials and extras, including previously unreleased material.', 'Elsevier', '833');
insert into book (book_id, ISBN, title, book_language, abstract, publisher, page_nr) values (73, '979-5520585202', 'What a Plant Knows : A Field Guide to the Senses of Your Garden - and Beyond', 'English', 'How does a Venus flytrap know when to snap shut? Can an orchid get jet lag? Does a tomato plant feel pain when you pluck a fruit from its vines? And does your favourite fern care whether you play Bach or the Beatles? Combining cutting-edge research with lively storytelling, biologist Daniel Chamovitz explores how plants experience our shared Earth - through sight, smell, touch, hearing, memory, and even awareness. Whether you are a green thumb, a science buff, a vegetarian, or simply a nature lover, this rare inside look at the life of plants will surprise and delight.', 'HarperCollins', '548');
insert into book (book_id, ISBN, title, book_language, abstract, publisher, page_nr) values (74, '979-1895969798', 'The Ricky Gervais Podcast Guide to Natural History', 'English', null, 'Houghton Mifflin Harcourt', '840');
insert into book (book_id, ISBN, title, book_language, abstract, publisher, page_nr) values (75, '978-3495922941', 'Mock the Week: 2 : Too Hot for TV 2', 'English', null, 'Penguin Random House', '1087');
insert into book (book_id, ISBN, title, book_language, abstract, publisher, page_nr) values (76, '979-9343803337', 'Why? : Answers to everyday scientific questions', 'English', 'Why?: Scientific Answers to Fundamental Questions sets out to provide simple answers to the most fundamental questions about the world. Asking why is the sky blue? Why is water wet? Why do we need sleep? Why are there 24 hours in a day? Why is light faster than sound?, this book gets to grips with concepts that appear so basic and everyday, yet we struggle to find an answer for.   For each question the author provides a simple, single line answer followed by more in-depth information that casts light onto the murkiest of scientific questions. The book covers the whole lot: physics, biology, chemistry, geology, geography, meteorology, palaeontology and planetary science, with over 50 fundamental questions answered, allowing you to wow friends and family alike with smart answers to the obvious questions they never thought to ask.', 'Perseus Books Group', '1731');
insert into book (book_id, ISBN, title, book_language, abstract, publisher, page_nr) values (77, '978-4903172052', 'Up to the Hilt', 'English', null, 'Workman Publishing', '1508');
insert into book (book_id, ISBN, title, book_language, abstract, publisher, page_nr) values (78, '978-7440392135', 'The Shameless Guide to Life', 'English', 'Paul Abbott''s "Shameless" has consistently been the best thing on television since it started on Channel 4 in 2004. Fearless, controversial and downright hilarious, it goes where other popular dramas fear to tread. Then, it necks a couple of pills, washes them down with several pints of lager and carries on until it falls over. Now, the Gallaghers and friends (and enemies) have put pen to paper to bring you the ultimate lifestyle guide. Frank passes on his unique thoughts about the trials of parenting. Sheila gets down and dirty with How Clean is Your Council House? Debbie shares some of her favourite recipes and nutritional tips in a "Shameless" version of "You Are What You Eat". Ian gives us his gay guide to the Chatsworth Estate. And, of course, the Gallaghers together share their knowledge of how to throw a great party...Award-winning writer Paul Abbott has created the perfect companion to one of Britain''s best loved dramas. If you can''t get enough of the Chatworth Estate''s favourite family, this is the book for you.', 'John Wiley & Sons', '1710');
insert into book (book_id, ISBN, title, book_language, abstract, publisher, page_nr) values (79, '978-1897245731', 'Hacking Darwin : Genetic Engineering and the Future of Humanity', 'English', '"A gifted and thoughtful writer, Metzl brings us to the frontiers of biology and technology, and reveals a world full of promise and peril." --Siddhartha Mukherjee MD, New York Times bestselling author of The Emperor of All Maladies and The Gene', 'Elsevier', '781');
insert into book (book_id, ISBN, title, book_language, abstract, publisher, page_nr) values (80, '978-6901443564', 'Hancock : The Economy Drive, the Emigrant and Two Other TV Episodes', 'English', 'Tony Hancock stars in four more specially selected BBC TV episodes: "The Economy Drive" - 25 September 1959; "The Cold" - 4 March 1960; "The Emigrant" - 18 March 1960; "The Baby Sitters" - 8 April 1960. Once again, Tony Hancock stars as the loveable curmudgeon, in four original television soundtracks written by the character''s creators, Ray Galton and Alan Simpson. In "The Economy Drive", Hancock returns home from holiday to find that Sid has left the TV and all the lights on, and failed to cancel the milk and the papers. It''s time to make some cutbacks, while "The Cold" sees Hancock trying to find a cure for a winter cold, but not even his doctor can help. In "The Emigrant", Hancock decides he''s had enough of England, and decides to emigrate - even though none of the colonies seem keen to have him, while "The Baby Sitters" finds Hancock and Sid employed as baby sitters in a plush, modern house with all the gadgets. But after raiding the host''s larder and drinks cabinet the two of them fall asleep. Only when the parents return do they realise there''s been a burglary...Featuring a cast including Sid James, Arthur Mullard and John Le Mesurier, these four episodes show the master of misery at his very best.', 'Scholastic', '1669');
insert into book (book_id, ISBN, title, book_language, abstract, publisher, page_nr) values (81, '979-6478356994', '"Little Britain"... on Radio', 'English', 'Matt and David haven''t forgotten "Little Britain''s" origins on BBC Radio 4 and, using their own personal archive, they have helped compile this special, limited edition tin. This tin contains the complete radio series - plus the pilot show - an exclusive interview with Matt Lucas and David Walliams, a 60-minute special about the inspiration behind "Little Britain", and a unique full-length DVD featuring behind-the-scenes footage. The Complete Radio Series - All 8 episodes from Series 1 and Series 2, plus pilot episode, never-broadcast sketches and outtakes. The Story of "Little Britain CD" - An extended, exclusive interview with Matt Lucas and David Walliams about the origins of the "Little Britain" radio series; rare audio clips from the pilot shows, ''Sir Bernard Chumley''s Soiree'' and ''Make a Difference...with Lucas and Walliams''; narrated by Anthony Head. "Little Britain" on Radio DVD - This is an exclusive full-length DVD, with behind-the-scenes footage from two live recording sessions of the radio series. It has a specially-recorded introduction by Matt and David.', 'Elsevier', '1442');
insert into book (book_id, ISBN, title, book_language, abstract, publisher, page_nr) values (82, '978-3065228675', 'Introduction to Research Methods 5th Edition : A Practical Guide for Anyone Undertaking a Research Project', 'English', 'Introduction to Research Methods contains everything from developing an initial idea into a proposal, through to analysing data and reporting results. Whether you have to undertake a project as part of your coursework, or as part of your employment, or simply because you are fascinated by something you have observed and want to find out more, this book offers you advice on how to turn your ideas into a workable project. Specifically it will show you how to:', 'Cambridge University Press', '1830');
insert into book (book_id, ISBN, title, book_language, abstract, publisher, page_nr) values (83, '979-6209948582', 'All Aboard the Hogwarts Express!', 'English', 'Learn all about the Hogwarts Express and the key moments thattook', 'Perseus Books Group', '1789');
insert into book (book_id, ISBN, title, book_language, abstract, publisher, page_nr) values (84, '979-5434528798', 'The Walmington-on-Sea Home Guard Training Manual : As Used by Dad''s Army', 'English', 'A facsimile of the Walmington-on-Sea Home Guard Training Manual recently discovered in the attic of a house in the town. Found in a trunk amongst a pile of Hotspur comics, it belonged to Private Pike and features his handwritten marginal notes on the text plus his personal jottings on matters of rather less importance than the defence of the realm, such as films he has seen, girls he has dated and the progress of Aston Villa FC. The book bears the official crest and stamp of the Queen''s Own Royal West Kent Regiment, to which the platoon belongs. Although aged and covered with stains, boot prints, tears and scorch marks, it is in a reasonable condition for facsimile printing. The manual is Capt Mainwaring''s attempt to ready the platoon to face (and recognize) the enemy in the coming invasion of Britain.', 'Pearson Education', '900');
insert into book (book_id, ISBN, title, book_language, abstract, publisher, page_nr) values (85, '979-9136521510', 'Introduction to Meta-Analysis', 'English', 'This book provides a clear and thorough introduction to meta-analysis, the process of synthesizing data from a series of separate studies. Meta-analysis has become a critically important tool in fields as diverse as medicine, pharmacology, epidemiology, education, psychology, business, and ecology.  Introduction to Meta-Analysis :  Outlines the role of meta-analysis in the research process Shows how to compute effects sizes and treatment effects Explains the fixed-effect and random-effects models for synthesizing data Demonstrates how to assess and interpret variation in effect size across studies Clarifies concepts using text and figures, followed by formulas and examples Explains how to avoid common mistakes in meta-analysis Discusses controversies in meta-analysis Features a web site with additional material and exercises A superb combination of lucid prose and informative graphics, written by four of the world''s leading experts on all aspects of meta-analysis. Borenstein, Hedges, Higgins, and Rothstein provide a refreshing departure from cookbook approaches with their clear explanations of the what and why of meta-analysis.', 'McGraw-Hill Education', '1006');
insert into book (book_id, ISBN, title, book_language, abstract, publisher, page_nr) values (86, '979-0057722647', 'The Hanna-Barbera Guide to Life : Cool Tips for Top Cats', 'English', 'A humorous and playful gift book from the Hanna-Barbera stable. Everything you need to know about making the most of life. The Hanna-Barbera Guide to Life is a humorous guide to living, featuring advice, anecdotes and wisdom from the slapstick world of Hanna-Barbera''s cartoon characters - ideal for those seeking for the deeper meaning to life (sort of). Suitable for fans of the classic Hanna-Barbera cartoons - whether it''s The Jetsons, Wacky Races, Yogi Bear, Penelope Pitstop or The Flintstones. This laugh-aloud gift book helps to bring back the glory days of cartoons for readers of all ages.', 'Macmillan Publishers', '932');
insert into book (book_id, ISBN, title, book_language, abstract, publisher, page_nr) values (87, '978-3305669050', 'Feng Shaun', 'English', null, 'HarperCollins', '634');
insert into book (book_id, ISBN, title, book_language, abstract, publisher, page_nr) values (88, '978-4014286258', 'Probability Theory : The Logic of Science', 'English', 'The standard rules of probability can be interpreted as uniquely valid principles in logic. In this book, E. T. Jaynes dispels the imaginary distinction between ''probability theory'' and ''statistical inference'', leaving a logical unity and simplicity, which provides greater technical power and flexibility in applications. This book goes beyond the conventional mathematics of probability theory, viewing the subject in a wider context. New results are discussed, along with applications of probability theory to a wide variety of problems in physics, mathematics, economics, chemistry and biology. It contains many exercises and problems, and is suitable for use as a textbook on graduate level courses involving data analysis. The material is aimed at readers who are already familiar with applied mathematics at an advanced undergraduate level or higher. The book will be of interest to scientists working in any area where inference from incomplete information is necessary.', 'Wiley', '1804');
insert into book (book_id, ISBN, title, book_language, abstract, publisher, page_nr) values (89, '978-2544823309', '"Porridge"', 'English', 'Double CD. Running time: 2hrs. Four episodes from the long-running BBC prison comedy.', 'Penguin Random House', '1084');
insert into book (book_id, ISBN, title, book_language, abstract, publisher, page_nr) values (90, '979-7300644683', 'Dinnerladies: Four Original BBC Television Episodes No.2', 'English', 'Episodes from the second series of the BBC TV comedy set in a factory canteen.', 'Taylor & Francis', '1667');
insert into book (book_id, ISBN, title, book_language, abstract, publisher, page_nr) values (91, '978-2473160749', 'The Question Concerning Technology in China : An Essay in Cosmotechnics', 'English', 'A systematic historical survey of Chinese thought is followed by an investigation of the historical-metaphysical questions of modern technology, asking how Chinese thought might contribute to a renewed questioning of globalized technics.', 'Houghton Mifflin Harcourt', '748');
insert into book (book_id, ISBN, title, book_language, abstract, publisher, page_nr) values (92, '978-0703122610', 'Official Family Guy Calendar 2012', 'English', null, 'Houghton Mifflin Harcourt', '504');
insert into book (book_id, ISBN, title, book_language, abstract, publisher, page_nr) values (93, '979-5758084450', 'Official Come Fly With Me Calendar 2012', 'English', null, 'Workman Publishing', '302');
insert into book (book_id, ISBN, title, book_language, abstract, publisher, page_nr) values (94, '979-1393167770', 'The Thirteen Books of the Elements, Vol. 3', 'English', 'This is the definitive edition of one of the very greatest classics of all time--the full Euclid, not an abridgement. Utilizing the text established by Heiberg, Sir Thomas Heath encompasses almost 2500 years of mathematical and historical study upon Euclid.', 'Springer Nature', '154');
insert into book (book_id, ISBN, title, book_language, abstract, publisher, page_nr) values (95, '979-2966411488', 'Morecambe and Wise: The Lost Tapes', 'English', 'Only one episode from Series One of The Morecambe and Wise Show still exists in the BBC archive. However, thanks to home recordings made by TV viewers at the time, it is now possible to listen to soundtracks from all seven of the ''lost'' episodes.', 'HarperCollins', '819');
insert into book (book_id, ISBN, title, book_language, abstract, publisher, page_nr) values (96, '979-4049163142', 'Back To The Front : Carrott Collection', 'English', null, 'Pearson Education', '671');
insert into book (book_id, ISBN, title, book_language, abstract, publisher, page_nr) values (97, '978-9593022655', 'A Series of Fortunate Events : Chance and the Making of the Planet, Life, and You', 'English', '"Fascinating and exhilarating-Sean B. Carroll at his very best."-Bill Bryson, author of The Body: A Guide for Occupants', 'Penguin Random House', '1073');
insert into book (book_id, ISBN, title, book_language, abstract, publisher, page_nr) values (98, '979-9181234814', 'A Year At The Circus : Inside Trump''s White House', 'English', 'Welcome to the White House.', 'Workman Publishing', '1544');
insert into book (book_id, ISBN, title, book_language, abstract, publisher, page_nr) values (99, '979-0623671538', 'Dad''s Army - A Companion 2018', 'English', null, 'Bloomsbury Publishing', '849');
insert into book (book_id, ISBN, title, book_language, abstract, publisher, page_nr) values (100, '978-9254780530', 'Cycling down The Street', 'English', null, 'John Wiley & Sons', '270');
insert into book (book_id, ISBN, title, book_language, abstract, publisher, page_nr) values (101, '979-1373383088', 'The Art of Logic : How to Make Sense in a World that Doesn''t', 'English', 'For thousands of years, mathematicians have used the timeless art of logic to see the world more clearly. In The Art of Logic, Royal Society Science Book Prize nominee Eugenia Cheng shows how anyone can think like a mathematician - and see, argue and think better.', 'Workman Publishing', '1730');
insert into book (book_id, ISBN, title, book_language, abstract, publisher, page_nr) values (102, '979-2884451546', 'Inclusive Education : A Practical Guide to Supporting Diversity in the Classroom', 'English', 'Inclusive education continues to be an exciting but challenging component of the everyday life of the classroom teacher. Whist there is no recipe for successful inclusion, meaningful inclusion involves engaging in a flexible process in which educators work in partnership with parents, students, and other professionals in order to meet the needs of all children.', 'Taylor & Francis', '77');
insert into book (book_id, ISBN, title, book_language, abstract, publisher, page_nr) values (103, '978-0533653113', 'Not This But That : No More Teaching a Letter a Week', 'English', 'Letter-a-week may be a ubiquitous approach to teaching alphabet knowledge, but that doesn''t mean it''s an effective one. In No More Teaching a Letter a Week, early literacy researcher Dr. William Teale helps us understand that alphabet knowledge is more than letter recognition, and identifies research-based principles of effective alphabet instruction, which constitutes the foundation for phonics teaching and learning. Literacy coach Rebecca McKay shows us how to bring those principles to life through purposeful practices that invite children to create an identity through print.', 'Oxford University Press', '867');
insert into book (book_id, ISBN, title, book_language, abstract, publisher, page_nr) values (104, '979-0469712517', 'The Ultimate Guide to Differentiation : Achieving Excellence for All', 'English', 'This book is the ultimate guide to differentiation in early years, schools and further education settings by Sue Cowley, bestselling author of Getting the Buggers to Behave. It offers over 90 practical and time-saving strategies for effective differentiation in every classroom.', 'McGraw-Hill Education', '1397');
insert into book (book_id, ISBN, title, book_language, abstract, publisher, page_nr) values (105, '978-4018496682', 'Dreaming: A Very Short Introduction', 'English', 'What is dreaming, and what causes it? Why are dreams so strange and why are they so hard to remember? Replacing dream mystique with modern dream science, J. Allan Hobson provides a new and increasingly complete picture of how dreaming is created by the brain. Focusing on dreaming to explain the mechanisms of sleep, this book explores how the new science of dreaming is affecting theories in psychoanalysis, and how it is helping our understanding of the causes of', 'Workman Publishing', '163');
insert into book (book_id, ISBN, title, book_language, abstract, publisher, page_nr) values (106, '978-8876089082', 'The Handbook for the New Art and Science of Teaching : (your Guide to the Marzano Framework for Competency-Based Education and Teaching Methods)', 'English', 'Part of The New Art and Science of Teaching series', 'Hachette Livre', '169');
insert into book (book_id, ISBN, title, book_language, abstract, publisher, page_nr) values (107, '979-1537003821', 'Teaching Young Language Learners', 'English', 'Each title in the series is intended to serve both as a basis for training courses and seminars, and as a reference text.', 'Cengage Learning', '1828');
insert into book (book_id, ISBN, title, book_language, abstract, publisher, page_nr) values (108, '978-6230750151', 'The Little Book of Cooking from Stories : Little Books with Big Ideas', 'English', 'Traditional and popular stories and simple recipes to go with them. Extend your literacy sessions with simple cooking activities to make and share as you listen again to the story. Linked with the goal for communication, language and literacy.', 'Penguin Random House', '662');
insert into book (book_id, ISBN, title, book_language, abstract, publisher, page_nr) values (109, '979-9469401713', 'The World Is Blue : How Our Fate and the Ocean''s are One', 'English', 'Through compelling personal stories Sylvia Earle puts the current and future peril of the ocean and the life it supports in perspective for a wide public audience.', 'Penguin Random House', '1108');
insert into book (book_id, ISBN, title, book_language, abstract, publisher, page_nr) values (110, '978-7112977086', 'TEACHING COLLOCATION', 'English', 'TEACHING COLLOCATION provides further follow-up to THE LEXICAL APPROACH.  It contains papers by a number of teachers and theoreticians interested in the practical classroom implications of incorporating collocation into everyday classroom teaching.', 'Oxford University Press', '1552');
insert into book (book_id, ISBN, title, book_language, abstract, publisher, page_nr) values (111, '979-5778669093', 'Design and Deliver : Planning and Teaching Using Universal Design for Learning', 'English', 'Universal Design for Learning is the best way to teach all students effectively-but how can a busy teacher get started with UDL right now? Answers are in this vibrant, research-based guidebook, created by seasoned teacher and former UDL Coordinator Loui Lord Nelson. K-12 educators will learn how to use the three key principles of UDL-Engagement, Representation, and Action & Expression-to present information in multiple ways and meet the needs of diverse learners. Written in first person, like a face-to-face talk with a passionate educator, the book gives teachers a reader-friendly UDL primer and a practical framework for implementation, with detailed guidelines on lesson planning and checkpoints that help them stay on track.', 'John Wiley & Sons', '1572');
insert into book (book_id, ISBN, title, book_language, abstract, publisher, page_nr) values (112, '979-5283770608', 'The 12 Touchstones of Good Teaching : A Checklist for Staying Focused Every Day', 'English', 'Checklists help us work better. They help us manage complex tasks more effectively and ensure we apply what we know correctly and consistently. They''ve become indispensable for airline pilots and doctors, but can this low-tech approach to planning and problem solving demand a place in the teacher''s toolkit? Teaching is complicated, with challenging decisions and important consequences, but it''s in the most complex situations that a straightforward checklist can be the most useful.', 'Cengage Learning', '1771');
insert into book (book_id, ISBN, title, book_language, abstract, publisher, page_nr) values (113, '979-0227222098', 'A Man on the Moon : The Voyages of the Apollo Astronauts', 'English', 'The authoritative masterpiece (L. A. Times) on the Apollo space program and NASA''s journey to the moon This acclaimed portrait of heroism and ingenuity captures a watershed moment in human history. The astronauts themselves have called it the definitive account of their missions. On the night of July 20, 1969, our world changed forever when Neil Armstrong and Buzz Aldrin walked on the moon. Based on in-depth interviews with twenty-three of the twenty-four moon voyagers, as well as those who struggled to get the program moving, A Man on the Moon conveys every aspect of the Apollo missions with breathtaking immediacy and stunning detail. A Man on the Moon is also the basis for the acclaimed miniseries produced by Tom Hanks, From the Earth to the Moon, now airing and streaming again on HBO in celebration of the 50th anniversary of Apollo 11.', 'Scholastic', '560');
insert into book (book_id, ISBN, title, book_language, abstract, publisher, page_nr) values (114, '979-9857590415', 'It Won''t Be Easy : An Exceedingly Honest (and Slightly Unprofessional) Love Letter to Teaching', 'English', 'Tom Rademacher wishes someone had handed him this sort of book along with his teaching degree: a clear-eyed, frank, boots-on-the ground account of what he was getting into. But first he had to write it. And as 2014''s Minnesota Teacher of the Year, Rademacher knows what he''s talking about. Less a how-to manual than a tribute to an impossible and impossibly rewarding profession, It Won''t Be Easy captures the experience of teaching in all its messy glory.The book follows a year of teaching, with each chapter tackling a different aspect of the job. Pulling no punches (and resisting no punch lines), he writes about establishing yourself in a new building; teaching meaningful classes, keeping students a priority; investigating how race, gender, and identity affect your work; and why it''s a good idea to keep an extra pair of pants at school. Along the way he answers the inevitable and the unanticipated questions, from what to do with Google to how to tell if you''re really a terrible teacher, to why "Keep your head down"might well be the worst advice for a new teacher.Though directed at prospective and newer teachers, It Won''t Be Easy is mercifully short on jargon and long on practical wisdom, accessible to anyone-teacher, student, parent, pundit-who is interested in a behind-the-curtain look at teaching and willing to understand that, while there are no simple answers, there is power in learning to ask the right questions.', 'Wiley', '1553');
insert into book (book_id, ISBN, title, book_language, abstract, publisher, page_nr) values (115, '978-2791088959', 'On Your Mark : Challenging the Conventions of Grading and Reporting', 'English', 'Create and sustain a learning environment where students thrive and stakeholders are accurately informed of student progress. Clarify the purpose of grades, craft a vision statement aligned with this purpose, and discover research-based strategies to implement effective grading and reporting practices. Identify policies and practices that render grading inaccurate, and understand the role grades play in students'' future success and opportunities.', 'Springer Nature', '89');
insert into book (book_id, ISBN, title, book_language, abstract, publisher, page_nr) values (116, '978-2633171518', 'Schools for All Kinds of Minds : Boosting Student Success by Embracing Learning Variation', 'English', 'This book shows how schools can--and must--develop expertise in "learning variation" (understanding how different kinds of minds learn) and apply this knowledge to classroom instruction in order to address the chronic learning challenges and achievement gap faced by millions of students. Barringer shows how using what we know about learning variation with a focus on discovering learning strengths, not just deficits, can help schools create plans for success for those students who often find it elusive. The book specifically addresses how school leaders can incorporate this knowledge into instructional practice and school-level policy through various professional development strategies.  Schools for All Kinds of Minds: * Provides a readable synthesis of the latest research from neuroscience, cognitive science, and child and adolescent development as it relates to understanding learning and its many variations. * Links this information to strategies for understanding struggling learners and adapting school practices to accommodate a wider array of learning differences in a classroom.', 'Penguin Random House', '1733');
insert into book (book_id, ISBN, title, book_language, abstract, publisher, page_nr) values (117, '978-4785323944', 'Activate 2 Student Book', 'English', 'Activate is a new Key Stage 3 Science course for the 2014 curriculum, designed to support every student on their journey through Key Stage 3 to Key Stage 4 success. This student book will spark students'' curiosity in science, whilst gradually building the maths, literacy and working scientifically skills vital for success in the new GCSEs.', 'Springer Nature', '1004');
insert into book (book_id, ISBN, title, book_language, abstract, publisher, page_nr) values (118, '979-1125013862', 'Your UDL Lesson Planner : The Step-by-Step Guide for Teaching All Learners', 'English', 'Many teacher resources explore the fundamentals of Universal Design for Learning (UDL). This one takes UDL to the next level for educators who understand the basics-and can''t wait to start using UDL in their lesson plans and classrooms.', 'Hachette Livre', '641');
insert into book (book_id, ISBN, title, book_language, abstract, publisher, page_nr) values (119, '979-9662156616', 'Using Psychology in the Classroom', 'English', 'Psychology can be applied to understanding a range of current issues and topics in teaching and educational practice. Starting with the question, ''what is psychology?'', and a topical overview of child and adolescent development, Stephen James Minton moves on to discuss seven areas of contemporary concern in education, showing how psychological approaches can help teachers in key areas of practice.', 'Oxford University Press', '937');
insert into book (book_id, ISBN, title, book_language, abstract, publisher, page_nr) values (120, '979-5538365270', 'Cultivating Genius : An Equity Framework for Culturally and Historically Responsive Literacy', 'English', 'In Cultivating Genius, Dr. Gholdy E. Muhammad presents a four-layered equity framework&;one that is grounded in history and restores excellence in literacy education.&#160;This framework, which she names, Historically Responsive Literacy, was derived from the study of literacy development within 19th-century&#160;Black literacy societies. The framework is essential and universal for all students, especially youth of color, who traditionally have been marginalized in learning standards, school policies, and classroom practices. The equity framework will help educators teach and lead toward the following learning goals or pursuits:', 'Elsevier', '334');
insert into book (book_id, ISBN, title, book_language, abstract, publisher, page_nr) values (121, '979-5929318774', 'Adventures with a Microscope', 'English', 'With a simple microscope and this book, you can embark on 59 wonderful adventures in the natural world -- make discoveries about the structures of numerous microscopic animals; find out what everyday objects and foods really look like at the cellular level; gain an understanding of how to prepare specimens and slides; and learn about many scientific phenomena such as how a fly can walk upside down on the ceiling. It''s all here in simple-to-understand language and 142 clear line drawings.', 'Macmillan Publishers', '1468');
insert into book (book_id, ISBN, title, book_language, abstract, publisher, page_nr) values (122, '978-1634788036', 'Teaching Digital Natives : Partnering for Real Learning', 'English', 'Students today are growing up in a digital world. These "digital natives" learn in new and different ways, so educators need new approaches to make learning both real and relevant for today''s students.', 'Oxford University Press', '372');
insert into book (book_id, ISBN, title, book_language, abstract, publisher, page_nr) values (123, '978-7427743640', 'Perfect Phrases for Classroom Teachers', 'English', 'Find the right words for report cards, parent-teacher conferences, and more', 'McGraw-Hill Education', '1402');
insert into book (book_id, ISBN, title, book_language, abstract, publisher, page_nr) values (124, '979-5067995417', '80 Morning Meeting Ideas for Grades 3-6', 'English', 'Eighty easy-to-do, classroom-tested ideas to help you plan engaging, purposeful Morning Meetings for third, fourth, fifth, and sixth grade students. The book includes: 20 friendly greetings, 20 empowering sharings, 20 engaged activities, and 20 inspiring messages.', 'John Wiley & Sons', '1095');
insert into book (book_id, ISBN, title, book_language, abstract, publisher, page_nr) values (125, '979-0492802797', 'What Doesn''t Kill Us: how freezing water, extreme altitude, and environmental conditioning will renew our lost evolutionary strength', 'English', 'What are our bodies really capable of?', 'Houghton Mifflin Harcourt', '1367');
insert into book (book_id, ISBN, title, book_language, abstract, publisher, page_nr) values (126, '979-5736845868', 'The Teachers Toolkit Volume 1 : Promoting Variety, Engagement, and Motivation in the Classroom US EDITION', 'English', 'This best-selling teacher''s resource now reformatted and edited is packed with practical classroom strategies that will enable teachers to add spice to their teaching while meeting the different learning styles of their students.Drawing on insights from neuroscience, psychology, and sociology, The Teacher''s Toolkit provides forty varied learning activities as well as practical ideas for managing group work, tackling disruptive behavior, and promoting personal responsibility.The audit tools in the final section enable the teacher to check everything including lesson plans; teacher''s impact on students'' self-esteem; and delivery of independent learning skills. The Teacher''s Toolkit will help develop students'' thinking skills, fine-tune their study skills, promote citizenship, and help students acquire the attitude and skills for true independence. For Grades K-12There should be a copy of The Teacher''s Toolkit in every curriculum area of the school. It puts learning where it should be-at the top of the school agenda.- Clive Carroll, Education Development Unit, St. Martin''s College', 'John Wiley & Sons', '866');
insert into book (book_id, ISBN, title, book_language, abstract, publisher, page_nr) values (127, '979-5218869600', 'Perfect Assessment for Learning', 'English', 'It has been a while since ''Tick. V.G.'' was an acceptable way of marking a child''s work but the idea of how to use assessment to improve learning is still a battle for many teachers. This is a simple ''how-to'' guide for improving achievement by implementing sustainable Assessment for Learning (or AfL) in your school. Topics covered include how to shift staff culture to embed great practice, helping children own their own learning, effective use of learning objectives, working well with parents and using AfL to demonstrate pupils'' progress. Too often, valuable teacher time is spent on the kind of marking that makes little difference to progress. This little book takes the busy teacher through a range of strategies to ensure that assessment, progress and learning are inextricably linked.', 'McGraw-Hill Education', '1881');
insert into book (book_id, ISBN, title, book_language, abstract, publisher, page_nr) values (128, '979-6760824942', 'Diagraming Sentences', 'English', 'Diagraming Sentences will help students of all ages learn how the parts of speech fit together to make clear and complete sentences. This 48-page book shows visual learners how to diagram sentences to help them understand why some sentences may not sound or look right. The book also includes fun practice activities, review activities, a glossary, and answer keys.', 'Simon & Schuster', '1171');
insert into book (book_id, ISBN, title, book_language, abstract, publisher, page_nr) values (129, '979-7694114957', 'Short-cut Mathematics', 'English', 'Can you multiply 362 x .5 quickly in your head? Could you readily calculate the square of 41? How much is 635 divided by 21/2? Can 727,648 be evenly divided by 8?', 'Perseus Books Group', '345');
insert into book (book_id, ISBN, title, book_language, abstract, publisher, page_nr) values (130, '978-7778481013', '100 Great EFL Games : Exciting Language Games for Young Learners', 'English', 'Make the students ask and answer about body parts when they play Alien Teacher. Get your students moving around with Five Friends or learn and practise occupations with The 100 Points Job Game. Use directions to play the highly entertaining Cat and Mouse, prepositions in The Magician Game or consolidate reading through a variety of games such as Five in a Row and Edge to Edge. Your male students will particularly enjoy showing their reading ability when they play Mosquito Game. `Where Are You From?'' will give your students chances to enthusiastically ask and answer about countries. Let them burn off some energy with a variety of challenges through Relay Games. Practise numbers large and small, as well as ordinal numbers, by playing 3, 6, 9. Give the students chance to show some creativity with Do It Yourself! This extensive collection of games also includes: Four Knights, Let''s Play Snap, The Apple Game, The Shopping Game, Liar, Liar, Liar!, The Argument Game, Dictionary Race, Down the Line, The Kitchen Game, Jigsaw Game, Find the Animals and One Dog, Two Dogs, Three Dogs.', 'Workman Publishing', '531');
insert into book (book_id, ISBN, title, book_language, abstract, publisher, page_nr) values (131, '979-6189760821', 'Ready-to-Use Social Skills Lessons & Activities for Grades 4 - 6', 'English', 'This unique Library gives teachers and specialists a stimulating, systematic way to develop positive social behaviors in students of all abilities, grades 4-12. Included are over 125 tested lessons and reproducible worksheets in two separately printed, self-contained volumes, each tailored to the developmental needs of students at a particular grade level, 4-6 or 7-12. For easy use, the lessons in each volume follow a uniform format, including titles, behavioral objective, and simple 8-step lesson plan. The lesson activities and worksheets are based on real-life situations and help build students'' self-esteem, self-control, and respect for the rights of others.', 'Workman Publishing', '1199');
insert into book (book_id, ISBN, title, book_language, abstract, publisher, page_nr) values (132, '978-3217261555', 'What a Writer Needs, Second Edition', 'English', 'This is no recipe book: I have tried not to be formulaic. Rather, I want to suggest the richness of options, the myriad possibilities open to the writer at any given moment. Young writers need to know what can be done with language.', 'Springer Nature', '1433');
insert into book (book_id, ISBN, title, book_language, abstract, publisher, page_nr) values (133, '978-3424858153', 'Rosalind Franklin : The Dark Lady of DNA', 'English', 'In 1962, Maurice Wilkins, Francis Crick, and James Watson received the Nobel Prize, but it was Rosalind Franklin''s data and photographs of DNA that led to their discovery.', 'McGraw-Hill Education', '236');
insert into book (book_id, ISBN, title, book_language, abstract, publisher, page_nr) values (134, '979-0891601141', 'Visible Maths : Using representations and structure to enhance mathematics teaching in schools', 'English', 'Viewing the maths lesson as an opportunity for pupils to develop a deep understanding of mathematical concepts and relationships, rather than simply to follow fixed processes that lead to ''the answer'', is increasingly recognised as the pinnacle of best practice in maths education.', 'Scholastic', '72');
insert into book (book_id, ISBN, title, book_language, abstract, publisher, page_nr) values (135, '978-4915853005', 'Being Me (and Loving It) : Stories and Activities to Help Build Self-Esteem, Confidence, Positive Body Image and Resilience in Children', 'English', 'With 29 real life and relatable stories at its heart, this practical resource is designed to help build self-esteem and body confidence in children aged 5-11. Each story is the focus of a ready-to-use lesson plan, covering common issues that affect children such as a lack of body confidence, feeling pressured by peers and worries about puberty. The stories are preceded by guidance on how to introduce the topic and the learning outcomes, and they are followed by a range of activities to reinforce the messages being taught. The stories can either be read aloud to a class or group or photocopied and shared for individual reading.', 'Penguin Random House', '664');
insert into book (book_id, ISBN, title, book_language, abstract, publisher, page_nr) values (136, '979-1067426013', 'The Instructional Playbook : The Missing Link for Translating Research into Practice', 'English', 'In schools, every day is ""game day."" Every day, teachers need the best resources and forms of support because students deserve the best we as educators can offer. An instructional playbook aims to serve as that kind of support: a tool that coaches can use to help teachers match specific learning goals with the right research-based instructional strategies.', 'Penguin Random House', '1268');
insert into book (book_id, ISBN, title, book_language, abstract, publisher, page_nr) values (137, '978-2239102954', 'We Need to Talk About Kelvin : What everyday things tell us about the universe', 'English', 'Look around you. The reflection of your face in a window tells you that the universe is orchestrated by chance. The iron in a spot of blood on your finger tells you that somewhere out in space there is furnace at a temperature of 4.5 billion degrees. Your TV tells you that the universe had a beginning. In fact, your very existence tells you that this may not be the only universe but merely one among an infinity of others, stacked like the pages of a never-ending book.', 'Bloomsbury Publishing', '232');
insert into book (book_id, ISBN, title, book_language, abstract, publisher, page_nr) values (138, '978-7914791829', 'Don''t Forget to Write for the Secondary Grades : 50 Enthralling and Effective Writing Lessons (Ages 11 and Up)', 'English', 'Fantastic strategies for getting high school students excited about writing This book offers 50 creative writing lesson plans from the imaginative and highly acclaimed 826 National writing labs. Created as a resource to reach all students (even those most resistant to creative writing), the off-beat and attention-grabbing lessons include such gems as "Literary Facebooks," where students create a mock Facebook profile based on their favorite literary character, as well as highly practical lessons like the "College Application Essay Boot Camp." These writing lessons are written by experts and favorite novelists, actors, and other entertainers pitched in too. * Road-tested lessons from a stellar national writing lab * Inventive and unique lessons that will appeal to even the most difficult-to-reach students * Includes a chart linking lessons to the Common Core State Standards 826 National is an organization committed to supporting teachers, publishing student work, and offering services for English language learners.', 'Pearson Education', '1762');
insert into book (book_id, ISBN, title, book_language, abstract, publisher, page_nr) values (139, '978-0679400888', 'Learning Together with Young Children : A Curriculum Framework for Reflective Teachers', 'English', 'Offering an alternative approach to standardization and data-driven mandates, this book puts children at the center of planning. Using The Thinking Lens (R) protocol teachers can translate educational theories into concrete ideas for working with children and families. Learn to create a classroom culture, develop routines, and use learning stories to enhance experiences for the children in your care.', 'Elsevier', '1533');
insert into book (book_id, ISBN, title, book_language, abstract, publisher, page_nr) values (140, '978-2359814268', 'Real Food, Really Fast : Delicious Plant-Based Recipes Ready in 10 Minutes or Less', 'English', 'The promise of a hot, satisfying meal in ten minutes or less is no longer the exclusive calling card of cheap pizza delivery. Everything from dinners on the run to crave-worthy snacks for a crowd can be yours in less time than it takes to hunt down those crusty take-out menus.', 'Macmillan Publishers', '1420');

--------------------------------------------------------------------
insert into author (author_ID, author_name) values (1, 'J.K. Rowling');
insert into author (author_ID, author_name) values (2, 'Stephen King');
insert into author (author_ID, author_name) values (3, 'George R.R. Martin');
insert into author (author_ID, author_name) values (4, 'Jane Austen');
insert into author (author_ID, author_name) values (5, 'Ernest Hemingway');
insert into author (author_ID, author_name) values (6, 'Mark Twain');
insert into author (author_ID, author_name) values (7, 'Charles Dickens');
insert into author (author_ID, author_name) values (8, 'Harper Lee');
insert into author (author_ID, author_name) values (9, 'F. Scott Fitzgerald');
insert into author (author_ID, author_name) values (10, 'Agatha Christie');
insert into author (author_ID, author_name) values (11, 'J.R.R. Tolkien');
insert into author (author_ID, author_name) values (12, 'William Shakespeare');
insert into author (author_ID, author_name) values (13, 'Toni Morrison');
insert into author (author_ID, author_name) values (14, 'Gabriel Garcia Marquez');
insert into author (author_ID, author_name) values (15, 'Margaret Atwood');
insert into author (author_ID, author_name) values (16, 'Maya Angelou');
insert into author (author_ID, author_name) values (17, 'Roald Dahl');
insert into author (author_ID, author_name) values (18, 'John Steinbeck');
insert into author (author_ID, author_name) values (19, 'Virginia Woolf');
insert into author (author_ID, author_name) values (20, 'Leo Tolstoy');
insert into author (author_ID, author_name) values (21, 'Oscar Wilde');
insert into author (author_ID, author_name) values (22, 'Ray Bradbury');
insert into author (author_ID, author_name) values (23, 'Salman Rushdie');
insert into author (author_ID, author_name) values (24, 'Paulo Coelho');
insert into author (author_ID, author_name) values (25, 'James Patterson');
insert into author (author_ID, author_name) values (26, 'John Grisham');
insert into author (author_ID, author_name) values (27, 'Neil Gaiman');
insert into author (author_ID, author_name) values (28, 'Agnes Obel');
insert into author (author_ID, author_name) values (29, 'Dan Brown');
insert into author (author_ID, author_name) values (30, 'Isabel Allende');
insert into author (author_ID, author_name) values (31, 'Rupi Kaur');
insert into author (author_ID, author_name) values (32, 'Chimamanda Ngozi Adichie');
insert into author (author_ID, author_name) values (33, 'Anthony Burgess');
insert into author (author_ID, author_name) values (34, 'Khaled Hosseini');
insert into author (author_ID, author_name) values (35, 'Arundhati Roy');
insert into author (author_ID, author_name) values (36, 'Ernest Cline');
insert into author (author_ID, author_name) values (37, 'Yuval Noah Harari');
insert into author (author_ID, author_name) values (38, 'Michael Connelly');
insert into author (author_ID, author_name) values (39, 'Haruki Murakami');
insert into author (author_ID, author_name) values (40, 'Margaret Peterson Haddix');
insert into author (author_ID, author_name) values (41, 'Ken Follett');
insert into author (author_ID, author_name) values (42, 'Sarah J. Maas');
insert into author (author_ID, author_name) values (43, 'Suzanne Collins');
insert into author (author_ID, author_name) values (44, 'Gillian Flynn');
insert into author (author_ID, author_name) values (45, 'Rainbow Rowell');
insert into author (author_ID, author_name) values (46, 'Donna Tartt');
insert into author (author_ID, author_name) values (47, 'Cassandra Clare');
insert into author (author_ID, author_name) values (48, 'Veronica Roth');
insert into author (author_ID, author_name) values (49, 'George Orwell');
insert into author (author_ID, author_name) values (50, 'Terry Pratchett');
insert into author (author_ID, author_name) values (51, 'Anne Rice');
insert into author (author_ID, author_name) values (52, 'John Green');
insert into author (author_ID, author_name) values (53, 'Ursula K. Le Guin');
insert into author (author_ID, author_name) values (54, 'Stephenie Meyer');
insert into author (author_ID, author_name) values (55, 'Dan Simmons');

-------------------------------------------------------------------------------

insert into author_books (f_author_ID, f_book_id) values (1, '1');
insert into author_books (f_author_ID, f_book_id) values (2, '2');
insert into author_books (f_author_ID, f_book_id) values (3, '3');
insert into author_books (f_author_ID, f_book_id) values (4, '4');
insert into author_books (f_author_ID, f_book_id) values (5, '5');
insert into author_books (f_author_ID, f_book_id) values (6, '6');
insert into author_books (f_author_ID, f_book_id) values (7, '7');
insert into author_books (f_author_ID, f_book_id) values (8, '8');
insert into author_books (f_author_ID, f_book_id) values (9, '9');
insert into author_books (f_author_ID, f_book_id) values (10, '10');
insert into author_books (f_author_ID, f_book_id) values (11, '11');
insert into author_books (f_author_ID, f_book_id) values (12, '12');
insert into author_books (f_author_ID, f_book_id) values (13, '13');
insert into author_books (f_author_ID, f_book_id) values (14, '14');
insert into author_books (f_author_ID, f_book_id) values (15, '15');
insert into author_books (f_author_ID, f_book_id) values (16, '16');
insert into author_books (f_author_ID, f_book_id) values (17, '17');
insert into author_books (f_author_ID, f_book_id) values (18, '18');
insert into author_books (f_author_ID, f_book_id) values (19, '19');
insert into author_books (f_author_ID, f_book_id) values (20, '20');
insert into author_books (f_author_ID, f_book_id) values (21, '21');
insert into author_books (f_author_ID, f_book_id) values (22, '22');
insert into author_books (f_author_ID, f_book_id) values (23, '23');
insert into author_books (f_author_ID, f_book_id) values (24, '24');
insert into author_books (f_author_ID, f_book_id) values (25, '25');
insert into author_books (f_author_ID, f_book_id) values (26, '26');
insert into author_books (f_author_ID, f_book_id) values (27, '27');
insert into author_books (f_author_ID, f_book_id) values (28, '28');
insert into author_books (f_author_ID, f_book_id) values (29, '29');
insert into author_books (f_author_ID, f_book_id) values (30, '30');
insert into author_books (f_author_ID, f_book_id) values (31, '31');
insert into author_books (f_author_ID, f_book_id) values (32, '32');
insert into author_books (f_author_ID, f_book_id) values (33, '33');
insert into author_books (f_author_ID, f_book_id) values (34, '34');
insert into author_books (f_author_ID, f_book_id) values (35, '35');
insert into author_books (f_author_ID, f_book_id) values (36, '36');
insert into author_books (f_author_ID, f_book_id) values (37, '37');
insert into author_books (f_author_ID, f_book_id) values (38, '38');
insert into author_books (f_author_ID, f_book_id) values (39, '39');
insert into author_books (f_author_ID, f_book_id) values (40, '40');
insert into author_books (f_author_ID, f_book_id) values (41, '41');
insert into author_books (f_author_ID, f_book_id) values (42, '42');
insert into author_books (f_author_ID, f_book_id) values (43, '43');
insert into author_books (f_author_ID, f_book_id) values (44, '44');
insert into author_books (f_author_ID, f_book_id) values (45, '45');
insert into author_books (f_author_ID, f_book_id) values (46, '46');
insert into author_books (f_author_ID, f_book_id) values (47, '47');
insert into author_books (f_author_ID, f_book_id) values (48, '48');
insert into author_books (f_author_ID, f_book_id) values (49, '49');
insert into author_books (f_author_ID, f_book_id) values (50, '50');
insert into author_books (f_author_ID, f_book_id) values (51, '51');
insert into author_books (f_author_ID, f_book_id) values (52, '52');
insert into author_books (f_author_ID, f_book_id) values (53, '53');
insert into author_books (f_author_ID, f_book_id) values (54, '54');
insert into author_books (f_author_ID, f_book_id) values (55, '55');
insert into author_books (f_author_ID, f_book_id) values (5, '56');
insert into author_books (f_author_ID, f_book_id) values (5, '57');
insert into author_books (f_author_ID, f_book_id) values (5, '58');
insert into author_books (f_author_ID, f_book_id) values (5, '59');
insert into author_books (f_author_ID, f_book_id) values (5, '60');
insert into author_books (f_author_ID, f_book_id) values (1, '61');
insert into author_books (f_author_ID, f_book_id) values (2, '62');
insert into author_books (f_author_ID, f_book_id) values (3, '63');
insert into author_books (f_author_ID, f_book_id) values (4, '64');
insert into author_books (f_author_ID, f_book_id) values (6, '65');
insert into author_books (f_author_ID, f_book_id) values (7, '66');
insert into author_books (f_author_ID, f_book_id) values (8, '67');
insert into author_books (f_author_ID, f_book_id) values (9, '68');
insert into author_books (f_author_ID, f_book_id) values (10, '69');
insert into author_books (f_author_ID, f_book_id) values (11, '70');
insert into author_books (f_author_ID, f_book_id) values (12, '71');
insert into author_books (f_author_ID, f_book_id) values (13, '72');
insert into author_books (f_author_ID, f_book_id) values (14, '73');
insert into author_books (f_author_ID, f_book_id) values (15, '74');
insert into author_books (f_author_ID, f_book_id) values (16, '75');
insert into author_books (f_author_ID, f_book_id) values (17, '76');
insert into author_books (f_author_ID, f_book_id) values (18, '77');
insert into author_books (f_author_ID, f_book_id) values (19, '78');
insert into author_books (f_author_ID, f_book_id) values (20, '79');
insert into author_books (f_author_ID, f_book_id) values (21, '80');
insert into author_books (f_author_ID, f_book_id) values (22, '81');
insert into author_books (f_author_ID, f_book_id) values (23, '82');
insert into author_books (f_author_ID, f_book_id) values (24, '83');
insert into author_books (f_author_ID, f_book_id) values (25, '84');
insert into author_books (f_author_ID, f_book_id) values (26, '85');
insert into author_books (f_author_ID, f_book_id) values (27, '86');
insert into author_books (f_author_ID, f_book_id) values (28, '87');
insert into author_books (f_author_ID, f_book_id) values (29, '88');
insert into author_books (f_author_ID, f_book_id) values (30, '89');
insert into author_books (f_author_ID, f_book_id) values (31, '90');
insert into author_books (f_author_ID, f_book_id) values (32, '91');
insert into author_books (f_author_ID, f_book_id) values (33, '92');
insert into author_books (f_author_ID, f_book_id) values (34, '93');
insert into author_books (f_author_ID, f_book_id) values (35, '94');
insert into author_books (f_author_ID, f_book_id) values (36, '95');
insert into author_books (f_author_ID, f_book_id) values (37, '96');
insert into author_books (f_author_ID, f_book_id) values (38, '97');
insert into author_books (f_author_ID, f_book_id) values (39, '98');
insert into author_books (f_author_ID, f_book_id) values (40, '99');
insert into author_books (f_author_ID, f_book_id) values (41, '100');
insert into author_books (f_author_ID, f_book_id) values (42, '101');
insert into author_books (f_author_ID, f_book_id) values (43, '102');
insert into author_books (f_author_ID, f_book_id) values (44, '103');
insert into author_books (f_author_ID, f_book_id) values (45, '104');
insert into author_books (f_author_ID, f_book_id) values (46, '105');
insert into author_books (f_author_ID, f_book_id) values (47, '106');
insert into author_books (f_author_ID, f_book_id) values (48, '107');
insert into author_books (f_author_ID, f_book_id) values (49, '108');
insert into author_books (f_author_ID, f_book_id) values (50, '109');
insert into author_books (f_author_ID, f_book_id) values (51, '110');
insert into author_books (f_author_ID, f_book_id) values (52, '111');
insert into author_books (f_author_ID, f_book_id) values (53, '112');
insert into author_books (f_author_ID, f_book_id) values (54, '113');
insert into author_books (f_author_ID, f_book_id) values (55, '114');
insert into author_books (f_author_ID, f_book_id) values (5, '115');
insert into author_books (f_author_ID, f_book_id) values (5, '116');
insert into author_books (f_author_ID, f_book_id) values (5, '117');
insert into author_books (f_author_ID, f_book_id) values (5, '118');
insert into author_books (f_author_ID, f_book_id) values (5, '119');
insert into author_books (f_author_ID, f_book_id) values (1, '120');
insert into author_books (f_author_ID, f_book_id) values (2, '121');
insert into author_books (f_author_ID, f_book_id) values (3, '122');
insert into author_books (f_author_ID, f_book_id) values (4, '123');
insert into author_books (f_author_ID, f_book_id) values (5, '124');
insert into author_books (f_author_ID, f_book_id) values (6, '125');
insert into author_books (f_author_ID, f_book_id) values (7, '126');
insert into author_books (f_author_ID, f_book_id) values (8, '127');
insert into author_books (f_author_ID, f_book_id) values (9, '128');
insert into author_books (f_author_ID, f_book_id) values (10, '129');
insert into author_books (f_author_ID, f_book_id) values (11, '130');
insert into author_books (f_author_ID, f_book_id) values (12, '131');
insert into author_books (f_author_ID, f_book_id) values (13, '132');
insert into author_books (f_author_ID, f_book_id) values (14, '133');
insert into author_books (f_author_ID, f_book_id) values (15, '134');
insert into author_books (f_author_ID, f_book_id) values (16, '135');
insert into author_books (f_author_ID, f_book_id) values (17, '136');
insert into author_books (f_author_ID, f_book_id) values (18, '137');
insert into author_books (f_author_ID, f_book_id) values (19, '138');
insert into author_books (f_author_ID, f_book_id) values (20, '139');
insert into author_books (f_author_ID, f_book_id) values (21, '140');

--------------------------------------------------



insert into category (category_id, category_name) values (1, 'Fiction');
insert into category (category_id, category_name) values (2, 'Mystery');
insert into category (category_id, category_name) values (3, 'Romance');
insert into category (category_id, category_name) values (4, 'Science Fiction');
insert into category (category_id, category_name) values (5, 'Fantasy');
insert into category (category_id, category_name) values (6, 'Thriller');
insert into category (category_id, category_name) values (7, 'Historical Fiction');
insert into category (category_id, category_name) values (8, 'Biography');
insert into category (category_id, category_name) values (9, 'Autobiography');
insert into category (category_id, category_name) values (10, 'Memoir');
insert into category (category_id, category_name) values (11, 'Self-Help');
insert into category (category_id, category_name) values (12, 'Young Adult');
insert into category (category_id, category_name) values (13, 'Children''s Literature');
insert into category (category_id, category_name) values (14, 'Crime');
insert into category (category_id, category_name) values (15, 'Horror');
insert into category (category_id, category_name) values (16, 'Adventure');
insert into category (category_id, category_name) values (17, 'Poetry');
insert into category (category_id, category_name) values (18, 'Science');
insert into category (category_id, category_name) values (19, 'Travel');
insert into category (category_id, category_name) values (20, 'Humor');
insert into category (category_id, category_name) values (21, 'Drama');
insert into category (category_id, category_name) values (22, 'Philosophy');
insert into category (category_id, category_name) values (23, 'Religion');
insert into category (category_id, category_name) values (24, 'Spirituality');
insert into category (category_id, category_name) values (25, 'Art');
insert into category (category_id, category_name) values (26, 'Photography');
insert into category (category_id, category_name) values (27, 'Business');
insert into category (category_id, category_name) values (28, 'Finance');
insert into category (category_id, category_name) values (29, 'History');
insert into category (category_id, category_name) values (30, 'Politics');
-------------------------------------------------------------------------------
insert into category_books (inter_category_ID , inter_book_id) values (1, 1);
insert into category_books (inter_category_ID , inter_book_id) values (2, 2);
insert into category_books (inter_category_ID , inter_book_id) values (3, 3);
insert into category_books (inter_category_ID , inter_book_id) values (4, 4);
insert into category_books (inter_category_ID , inter_book_id) values (5, 5);
insert into category_books (inter_category_ID , inter_book_id) values (6, 6);
insert into category_books (inter_category_ID , inter_book_id) values (7, 7);
insert into category_books (inter_category_ID , inter_book_id) values (8, 8);
insert into category_books (inter_category_ID , inter_book_id) values (9, 9);
insert into category_books (inter_category_ID , inter_book_id) values (10, 10);
insert into category_books (inter_category_ID , inter_book_id) values (11, 11);
insert into category_books (inter_category_ID , inter_book_id) values (12, 12);
insert into category_books (inter_category_ID , inter_book_id) values (13, 13);
insert into category_books (inter_category_ID , inter_book_id) values (14, 14);
insert into category_books (inter_category_ID , inter_book_id) values (15, 15);
insert into category_books (inter_category_ID , inter_book_id) values (16, 16);
insert into category_books (inter_category_ID , inter_book_id) values (17, 17);
insert into category_books (inter_category_ID , inter_book_id) values (18, 18);
insert into category_books (inter_category_ID , inter_book_id) values (19, 19);
insert into category_books (inter_category_ID , inter_book_id) values (20, 20);
insert into category_books (inter_category_ID , inter_book_id) values (21, 21);
insert into category_books (inter_category_ID , inter_book_id) values (22, 22);
insert into category_books (inter_category_ID , inter_book_id) values (23, 23);
insert into category_books (inter_category_ID , inter_book_id) values (24, 24);
insert into category_books (inter_category_ID , inter_book_id) values (25, 25);
insert into category_books (inter_category_ID , inter_book_id) values (26, 26);
insert into category_books (inter_category_ID , inter_book_id) values (27, 27);
insert into category_books (inter_category_ID , inter_book_id) values (28, 28);
insert into category_books (inter_category_ID , inter_book_id) values (29, 29);
insert into category_books (inter_category_ID , inter_book_id) values (30, 30);
insert into category_books (inter_category_ID , inter_book_id) values (18, 31);
insert into category_books (inter_category_ID , inter_book_id) values (23, 32);
insert into category_books (inter_category_ID , inter_book_id) values (6, 33);
insert into category_books (inter_category_ID , inter_book_id) values (9, 34);
insert into category_books (inter_category_ID , inter_book_id) values (30, 35);
insert into category_books (inter_category_ID , inter_book_id) values (12, 36);
insert into category_books (inter_category_ID , inter_book_id) values (17, 37);
insert into category_books (inter_category_ID , inter_book_id) values (27, 38);
insert into category_books (inter_category_ID , inter_book_id) values (11, 39);
insert into category_books (inter_category_ID , inter_book_id) values (3, 40);
insert into category_books (inter_category_ID , inter_book_id) values (2, 41);
insert into category_books (inter_category_ID , inter_book_id) values (28, 42);
insert into category_books (inter_category_ID , inter_book_id) values (15, 43);
insert into category_books (inter_category_ID , inter_book_id) values (25, 44);
insert into category_books (inter_category_ID , inter_book_id) values (16, 45);
insert into category_books (inter_category_ID , inter_book_id) values (20, 46);
insert into category_books (inter_category_ID , inter_book_id) values (8, 47);
insert into category_books (inter_category_ID , inter_book_id) values (4, 48);
insert into category_books (inter_category_ID , inter_book_id) values (13, 49);
insert into category_books (inter_category_ID , inter_book_id) values (22, 50);
insert into category_books (inter_category_ID , inter_book_id) values (29, 51);
insert into category_books (inter_category_ID , inter_book_id) values (1, 52);
insert into category_books (inter_category_ID , inter_book_id) values (7, 53);
insert into category_books (inter_category_ID , inter_book_id) values (26, 54);
insert into category_books (inter_category_ID , inter_book_id) values (19, 55);
insert into category_books (inter_category_ID , inter_book_id) values (14, 56);
insert into category_books (inter_category_ID , inter_book_id) values (21, 57);
insert into category_books (inter_category_ID , inter_book_id) values (10, 58);
insert into category_books (inter_category_ID , inter_book_id) values (5, 59);
insert into category_books (inter_category_ID , inter_book_id) values (24, 60);
insert into category_books (inter_category_ID , inter_book_id) values (29, 61);
insert into category_books (inter_category_ID , inter_book_id) values (4, 62);
insert into category_books (inter_category_ID , inter_book_id) values (20, 63);
insert into category_books (inter_category_ID , inter_book_id) values (3, 64);
insert into category_books (inter_category_ID , inter_book_id) values (16, 65);
insert into category_books (inter_category_ID , inter_book_id) values (7, 66);
insert into category_books (inter_category_ID , inter_book_id) values (1, 67);
insert into category_books (inter_category_ID , inter_book_id) values (13, 68);
insert into category_books (inter_category_ID , inter_book_id) values (19, 69);
insert into category_books (inter_category_ID , inter_book_id) values (25, 70);
insert into category_books (inter_category_ID , inter_book_id) values (2, 71);
insert into category_books (inter_category_ID , inter_book_id) values (26, 72);
insert into category_books (inter_category_ID , inter_book_id) values (12, 73);
insert into category_books (inter_category_ID , inter_book_id) values (27, 74);
insert into category_books (inter_category_ID , inter_book_id) values (22, 75);
insert into category_books (inter_category_ID , inter_book_id) values (8, 76);
insert into category_books (inter_category_ID , inter_book_id) values (15, 77);
insert into category_books (inter_category_ID , inter_book_id) values (9, 78);
insert into category_books (inter_category_ID , inter_book_id) values (6, 79);
insert into category_books (inter_category_ID , inter_book_id) values (21, 80);
insert into category_books (inter_category_ID , inter_book_id) values (10, 81);
insert into category_books (inter_category_ID , inter_book_id) values (17, 82);
insert into category_books (inter_category_ID , inter_book_id) values (23, 83);
insert into category_books (inter_category_ID , inter_book_id) values (30, 84);
insert into category_books (inter_category_ID , inter_book_id) values (11, 85);
insert into category_books (inter_category_ID , inter_book_id) values (5, 86);
insert into category_books (inter_category_ID , inter_book_id) values (18, 87);
insert into category_books (inter_category_ID , inter_book_id) values (14, 88);
insert into category_books (inter_category_ID , inter_book_id) values (24, 89);
insert into category_books (inter_category_ID , inter_book_id) values (28, 90);
insert into category_books (inter_category_ID , inter_book_id) values (22, 91);
insert into category_books (inter_category_ID , inter_book_id) values (25, 92);
insert into category_books (inter_category_ID , inter_book_id) values (1, 93);
insert into category_books (inter_category_ID , inter_book_id) values (16, 94);
insert into category_books (inter_category_ID , inter_book_id) values (6, 95);
insert into category_books (inter_category_ID , inter_book_id) values (30, 96);
insert into category_books (inter_category_ID , inter_book_id) values (7, 97);
insert into category_books (inter_category_ID , inter_book_id) values (28, 98);
insert into category_books (inter_category_ID , inter_book_id) values (2, 99);
insert into category_books (inter_category_ID , inter_book_id) values (3, 100);
insert into category_books (inter_category_ID , inter_book_id) values (21, 101);
insert into category_books (inter_category_ID , inter_book_id) values (11, 102);
insert into category_books (inter_category_ID , inter_book_id) values (19, 103);
insert into category_books (inter_category_ID , inter_book_id) values (18, 104);
insert into category_books (inter_category_ID , inter_book_id) values (5, 105);
insert into category_books (inter_category_ID , inter_book_id) values (12, 106);
insert into category_books (inter_category_ID , inter_book_id) values (26, 107);
insert into category_books (inter_category_ID , inter_book_id) values (13, 108);
insert into category_books (inter_category_ID , inter_book_id) values (4, 109);
insert into category_books (inter_category_ID , inter_book_id) values (29, 110);
insert into category_books (inter_category_ID , inter_book_id) values (9, 111);
insert into category_books (inter_category_ID , inter_book_id) values (14, 112);
insert into category_books (inter_category_ID , inter_book_id) values (20, 113);
insert into category_books (inter_category_ID , inter_book_id) values (10, 114);
insert into category_books (inter_category_ID , inter_book_id) values (23, 115);
insert into category_books (inter_category_ID , inter_book_id) values (24, 116);
insert into category_books (inter_category_ID , inter_book_id) values (8, 117);
insert into category_books (inter_category_ID , inter_book_id) values (17, 118);
insert into category_books (inter_category_ID , inter_book_id) values (15, 119);
insert into category_books (inter_category_ID , inter_book_id) values (27, 120);
insert into category_books (inter_category_ID , inter_book_id) values (14, 121);
insert into category_books (inter_category_ID , inter_book_id) values (30, 122);
insert into category_books (inter_category_ID , inter_book_id) values (5, 123);
insert into category_books (inter_category_ID , inter_book_id) values (24, 124);
insert into category_books (inter_category_ID , inter_book_id) values (11, 125);
insert into category_books (inter_category_ID , inter_book_id) values (17, 126);
insert into category_books (inter_category_ID , inter_book_id) values (26, 127);
insert into category_books (inter_category_ID , inter_book_id) values (18, 128);
insert into category_books (inter_category_ID , inter_book_id) values (15, 129);
insert into category_books (inter_category_ID , inter_book_id) values (19, 130);
insert into category_books (inter_category_ID , inter_book_id) values (4, 131);
insert into category_books (inter_category_ID , inter_book_id) values (3, 132);
insert into category_books (inter_category_ID , inter_book_id) values (8, 133);
insert into category_books (inter_category_ID , inter_book_id) values (2, 134);
insert into category_books (inter_category_ID , inter_book_id) values (10, 135);
insert into category_books (inter_category_ID , inter_book_id) values (9, 136);
insert into category_books (inter_category_ID , inter_book_id) values (25, 137);
insert into category_books (inter_category_ID , inter_book_id) values (12, 138);
insert into category_books (inter_category_ID , inter_book_id) values (28, 139);
insert into category_books (inter_category_ID , inter_book_id) values (7, 140);
insert into category_books (inter_category_ID , inter_book_id) values (23, 1);
insert into category_books (inter_category_ID , inter_book_id) values (22, 2);
insert into category_books (inter_category_ID , inter_book_id) values (27, 3);
insert into category_books (inter_category_ID , inter_book_id) values (16, 4);
insert into category_books (inter_category_ID , inter_book_id) values (13, 5);
insert into category_books (inter_category_ID , inter_book_id) values (20, 6);
insert into category_books (inter_category_ID , inter_book_id) values (1, 7);
insert into category_books (inter_category_ID , inter_book_id) values (21, 8);
insert into category_books (inter_category_ID , inter_book_id) values (6, 9);
insert into category_books (inter_category_ID , inter_book_id) values (29, 10);
insert into category_books (inter_category_ID , inter_book_id) values (3, 11);
insert into category_books (inter_category_ID , inter_book_id) values (9, 12);
insert into category_books (inter_category_ID , inter_book_id) values (25, 13);
insert into category_books (inter_category_ID , inter_book_id) values (15, 14);
insert into category_books (inter_category_ID , inter_book_id) values (13, 15);
insert into category_books (inter_category_ID , inter_book_id) values (2, 16);
insert into category_books (inter_category_ID , inter_book_id) values (22, 17);
insert into category_books (inter_category_ID , inter_book_id) values (10, 18);
insert into category_books (inter_category_ID , inter_book_id) values (23, 19);
insert into category_books (inter_category_ID , inter_book_id) values (5, 20);
insert into category_books (inter_category_ID , inter_book_id) values (24, 21);
insert into category_books (inter_category_ID , inter_book_id) values (8, 22);
insert into category_books (inter_category_ID , inter_book_id) values (27, 23);
insert into category_books (inter_category_ID , inter_book_id) values (20, 24);
insert into category_books (inter_category_ID , inter_book_id) values (19, 25);
insert into category_books (inter_category_ID , inter_book_id) values (18, 26);
insert into category_books (inter_category_ID , inter_book_id) values (12, 27);
insert into category_books (inter_category_ID , inter_book_id) values (30, 28);
insert into category_books (inter_category_ID , inter_book_id) values (21, 29);
insert into category_books (inter_category_ID , inter_book_id) values (7, 30);

----------------------------------------------------------------------------

insert into keyword (keyword_ID, keyword_name) values (1, 'Adventure');
insert into keyword (keyword_ID, keyword_name) values (2, 'Romance');
insert into keyword (keyword_ID, keyword_name) values (3, 'Mystery');
insert into keyword (keyword_ID, keyword_name) values (4, 'Fantasy');
insert into keyword (keyword_ID, keyword_name) values (5, 'ScienceFiction');
insert into keyword (keyword_ID, keyword_name) values (6, 'Thriller');
insert into keyword (keyword_ID, keyword_name) values (7, 'Historical');
insert into keyword (keyword_ID, keyword_name) values (8, 'Biography');
insert into keyword (keyword_ID, keyword_name) values (9, 'Memoir');
insert into keyword (keyword_ID, keyword_name) values (10, 'SelfHelp');
insert into keyword (keyword_ID, keyword_name) values (11, 'YoungAdult');
insert into keyword (keyword_ID, keyword_name) values (12, 'Children');
insert into keyword (keyword_ID, keyword_name) values (13, 'Crime');
insert into keyword (keyword_ID, keyword_name) values (14, 'Horror');
insert into keyword (keyword_ID, keyword_name) values (15, 'Comedy');
insert into keyword (keyword_ID, keyword_name) values (16, 'Drama');
insert into keyword (keyword_ID, keyword_name) values (17, 'Poetry');
insert into keyword (keyword_ID, keyword_name) values (18, 'Science');
insert into keyword (keyword_ID, keyword_name) values (19, 'Travel');
insert into keyword (keyword_ID, keyword_name) values (20, 'Philosophy');
insert into keyword (keyword_ID, keyword_name) values (21, 'Religion');
insert into keyword (keyword_ID, keyword_name) values (22, 'Spirituality');
insert into keyword (keyword_ID, keyword_name) values (23, 'Art');
insert into keyword (keyword_ID, keyword_name) values (24, 'Photography');
insert into keyword (keyword_ID, keyword_name) values (25, 'Business');
insert into keyword (keyword_ID, keyword_name) values (26, 'Finance');
insert into keyword (keyword_ID, keyword_name) values (27, 'History');
insert into keyword (keyword_ID, keyword_name) values (28, 'Politics');
insert into keyword (keyword_ID, keyword_name) values (29, 'Education');
insert into keyword (keyword_ID, keyword_name) values (30, 'Health');
insert into keyword (keyword_ID, keyword_name) values (31, 'Parenting');
insert into keyword (keyword_ID, keyword_name) values (32, 'Technology');
insert into keyword (keyword_ID, keyword_name) values (33, 'Cooking');
insert into keyword (keyword_ID, keyword_name) values (34, 'Sports');
insert into keyword (keyword_ID, keyword_name) values (35, 'Nature');
insert into keyword (keyword_ID, keyword_name) values (36, 'Environment');
insert into keyword (keyword_ID, keyword_name) values (37, 'Culture');
insert into keyword (keyword_ID, keyword_name) values (38, 'Music');

----------------------------------------------------------------------

insert into keyword_books (inter_keyword_ID, kwrd_book_id) values (1, 1);
insert into keyword_books (inter_keyword_ID, kwrd_book_id) values (2, 2);
insert into keyword_books (inter_keyword_ID, kwrd_book_id) values (3, 3);
insert into keyword_books (inter_keyword_ID, kwrd_book_id) values (4, 4);
insert into keyword_books (inter_keyword_ID, kwrd_book_id) values (5, 5);
insert into keyword_books (inter_keyword_ID, kwrd_book_id) values (6, 6);
insert into keyword_books (inter_keyword_ID, kwrd_book_id) values (7, 7);
insert into keyword_books (inter_keyword_ID, kwrd_book_id) values (8, 8);
insert into keyword_books (inter_keyword_ID, kwrd_book_id) values (9, 9);
insert into keyword_books (inter_keyword_ID, kwrd_book_id) values (10, 10);
insert into keyword_books (inter_keyword_ID, kwrd_book_id) values (11, 11);
insert into keyword_books (inter_keyword_ID, kwrd_book_id) values (12, 12);
insert into keyword_books (inter_keyword_ID, kwrd_book_id) values (13, 13);
insert into keyword_books (inter_keyword_ID, kwrd_book_id) values (14, 14);
insert into keyword_books (inter_keyword_ID, kwrd_book_id) values (15, 15);
insert into keyword_books (inter_keyword_ID, kwrd_book_id) values (16, 16);
insert into keyword_books (inter_keyword_ID, kwrd_book_id) values (17, 17);
insert into keyword_books (inter_keyword_ID, kwrd_book_id) values (18, 18);
insert into keyword_books (inter_keyword_ID, kwrd_book_id) values (19, 19);
insert into keyword_books (inter_keyword_ID, kwrd_book_id) values (20, 20);
insert into keyword_books (inter_keyword_ID, kwrd_book_id) values (21, 21);
insert into keyword_books (inter_keyword_ID, kwrd_book_id) values (22, 22);
insert into keyword_books (inter_keyword_ID, kwrd_book_id) values (23, 23);
insert into keyword_books (inter_keyword_ID, kwrd_book_id) values (24, 24);
insert into keyword_books (inter_keyword_ID, kwrd_book_id) values (25, 25);
insert into keyword_books (inter_keyword_ID, kwrd_book_id) values (26, 26);
insert into keyword_books (inter_keyword_ID, kwrd_book_id) values (27, 27);
insert into keyword_books (inter_keyword_ID, kwrd_book_id) values (28, 28);
insert into keyword_books (inter_keyword_ID, kwrd_book_id) values (29, 29);
insert into keyword_books (inter_keyword_ID, kwrd_book_id) values (30, 30);
insert into keyword_books (inter_keyword_ID, kwrd_book_id) values (31, 31);
insert into keyword_books (inter_keyword_ID, kwrd_book_id) values (32, 32);
insert into keyword_books (inter_keyword_ID, kwrd_book_id) values (33, 33);
insert into keyword_books (inter_keyword_ID, kwrd_book_id) values (34, 34);
insert into keyword_books (inter_keyword_ID, kwrd_book_id) values (35, 35);
insert into keyword_books (inter_keyword_ID, kwrd_book_id) values (36, 36);
insert into keyword_books (inter_keyword_ID, kwrd_book_id) values (37, 37);
insert into keyword_books (inter_keyword_ID, kwrd_book_id) values (38, 38);
insert into keyword_books (inter_keyword_ID, kwrd_book_id) values (1, 39);
insert into keyword_books (inter_keyword_ID, kwrd_book_id) values (2, 40);
insert into keyword_books (inter_keyword_ID, kwrd_book_id) values (3, 41);
insert into keyword_books (inter_keyword_ID, kwrd_book_id) values (4, 42);
insert into keyword_books (inter_keyword_ID, kwrd_book_id) values (5, 43);
insert into keyword_books (inter_keyword_ID, kwrd_book_id) values (6, 44);
insert into keyword_books (inter_keyword_ID, kwrd_book_id) values (7, 45);
insert into keyword_books (inter_keyword_ID, kwrd_book_id) values (8, 46);
insert into keyword_books (inter_keyword_ID, kwrd_book_id) values (9, 47);
insert into keyword_books (inter_keyword_ID, kwrd_book_id) values (10, 48);
insert into keyword_books (inter_keyword_ID, kwrd_book_id) values (11, 49);
insert into keyword_books (inter_keyword_ID, kwrd_book_id) values (12, 50);
insert into keyword_books (inter_keyword_ID, kwrd_book_id) values (13, 51);
insert into keyword_books (inter_keyword_ID, kwrd_book_id) values (14, 52);
insert into keyword_books (inter_keyword_ID, kwrd_book_id) values (15, 53);
insert into keyword_books (inter_keyword_ID, kwrd_book_id) values (16, 54);
insert into keyword_books (inter_keyword_ID, kwrd_book_id) values (17, 55);
insert into keyword_books (inter_keyword_ID, kwrd_book_id) values (18, 56);
insert into keyword_books (inter_keyword_ID, kwrd_book_id) values (19, 57);
insert into keyword_books (inter_keyword_ID, kwrd_book_id) values (20, 58);
insert into keyword_books (inter_keyword_ID, kwrd_book_id) values (21, 59);
insert into keyword_books (inter_keyword_ID, kwrd_book_id) values (22, 60);
insert into keyword_books (inter_keyword_ID, kwrd_book_id) values (23, 61);
insert into keyword_books (inter_keyword_ID, kwrd_book_id) values (24, 62);
insert into keyword_books (inter_keyword_ID, kwrd_book_id) values (25, 63);
insert into keyword_books (inter_keyword_ID, kwrd_book_id) values (26, 64);
insert into keyword_books (inter_keyword_ID, kwrd_book_id) values (27, 65);
insert into keyword_books (inter_keyword_ID, kwrd_book_id) values (28, 66);
insert into keyword_books (inter_keyword_ID, kwrd_book_id) values (29, 67);
insert into keyword_books (inter_keyword_ID, kwrd_book_id) values (30, 68);
insert into keyword_books (inter_keyword_ID, kwrd_book_id) values (31, 69);
insert into keyword_books (inter_keyword_ID, kwrd_book_id) values (32, 70);
insert into keyword_books (inter_keyword_ID, kwrd_book_id) values (33, 71);
insert into keyword_books (inter_keyword_ID, kwrd_book_id) values (34, 72);
insert into keyword_books (inter_keyword_ID, kwrd_book_id) values (35, 73);
insert into keyword_books (inter_keyword_ID, kwrd_book_id) values (36, 74);
insert into keyword_books (inter_keyword_ID, kwrd_book_id) values (37, 75);
insert into keyword_books (inter_keyword_ID, kwrd_book_id) values (38, 76);
insert into keyword_books (inter_keyword_ID, kwrd_book_id) values (1, 77);
insert into keyword_books (inter_keyword_ID, kwrd_book_id) values (2, 78);
insert into keyword_books (inter_keyword_ID, kwrd_book_id) values (3, 79);
insert into keyword_books (inter_keyword_ID, kwrd_book_id) values (4, 80);
insert into keyword_books (inter_keyword_ID, kwrd_book_id) values (5, 81);
insert into keyword_books (inter_keyword_ID, kwrd_book_id) values (6, 82);
insert into keyword_books (inter_keyword_ID, kwrd_book_id) values (7, 83);
insert into keyword_books (inter_keyword_ID, kwrd_book_id) values (8, 84);
insert into keyword_books (inter_keyword_ID, kwrd_book_id) values (9, 85);
insert into keyword_books (inter_keyword_ID, kwrd_book_id) values (10, 86);
insert into keyword_books (inter_keyword_ID, kwrd_book_id) values (11, 87);
insert into keyword_books (inter_keyword_ID, kwrd_book_id) values (12, 88);
insert into keyword_books (inter_keyword_ID, kwrd_book_id) values (13, 89);
insert into keyword_books (inter_keyword_ID, kwrd_book_id) values (14, 90);
insert into keyword_books (inter_keyword_ID, kwrd_book_id) values (15, 91);
insert into keyword_books (inter_keyword_ID, kwrd_book_id) values (16, 92);
insert into keyword_books (inter_keyword_ID, kwrd_book_id) values (17, 93);
insert into keyword_books (inter_keyword_ID, kwrd_book_id) values (18, 94);
insert into keyword_books (inter_keyword_ID, kwrd_book_id) values (19, 95);
insert into keyword_books (inter_keyword_ID, kwrd_book_id) values (20, 96);
insert into keyword_books (inter_keyword_ID, kwrd_book_id) values (21, 97);
insert into keyword_books (inter_keyword_ID, kwrd_book_id) values (22, 98);
insert into keyword_books (inter_keyword_ID, kwrd_book_id) values (23, 99);
insert into keyword_books (inter_keyword_ID, kwrd_book_id) values (24, 100);
insert into keyword_books (inter_keyword_ID, kwrd_book_id) values (25, 101);
insert into keyword_books (inter_keyword_ID, kwrd_book_id) values (26, 102);
insert into keyword_books (inter_keyword_ID, kwrd_book_id) values (27, 103);
insert into keyword_books (inter_keyword_ID, kwrd_book_id) values (28, 104);
insert into keyword_books (inter_keyword_ID, kwrd_book_id) values (29, 105);
insert into keyword_books (inter_keyword_ID, kwrd_book_id) values (30, 106);
insert into keyword_books (inter_keyword_ID, kwrd_book_id) values (31, 107);
insert into keyword_books (inter_keyword_ID, kwrd_book_id) values (32, 108);
insert into keyword_books (inter_keyword_ID, kwrd_book_id) values (33, 109);
insert into keyword_books (inter_keyword_ID, kwrd_book_id) values (34, 110);
insert into keyword_books (inter_keyword_ID, kwrd_book_id) values (35, 111);
insert into keyword_books (inter_keyword_ID, kwrd_book_id) values (36, 112);
insert into keyword_books (inter_keyword_ID, kwrd_book_id) values (37, 113);
insert into keyword_books (inter_keyword_ID, kwrd_book_id) values (38, 114);
insert into keyword_books (inter_keyword_ID, kwrd_book_id) values (1, 115);
insert into keyword_books (inter_keyword_ID, kwrd_book_id) values (2, 116);
insert into keyword_books (inter_keyword_ID, kwrd_book_id) values (3, 117);
insert into keyword_books (inter_keyword_ID, kwrd_book_id) values (4, 118);
insert into keyword_books (inter_keyword_ID, kwrd_book_id) values (5, 119);
insert into keyword_books (inter_keyword_ID, kwrd_book_id) values (6, 120);
insert into keyword_books (inter_keyword_ID, kwrd_book_id) values (7, 121);
insert into keyword_books (inter_keyword_ID, kwrd_book_id) values (8, 122);
insert into keyword_books (inter_keyword_ID, kwrd_book_id) values (9, 123);
insert into keyword_books (inter_keyword_ID, kwrd_book_id) values (10, 124);
insert into keyword_books (inter_keyword_ID, kwrd_book_id) values (11, 125);
insert into keyword_books (inter_keyword_ID, kwrd_book_id) values (12, 126);
insert into keyword_books (inter_keyword_ID, kwrd_book_id) values (13, 127);
insert into keyword_books (inter_keyword_ID, kwrd_book_id) values (14, 128);
insert into keyword_books (inter_keyword_ID, kwrd_book_id) values (15, 129);
insert into keyword_books (inter_keyword_ID, kwrd_book_id) values (16, 130);
insert into keyword_books (inter_keyword_ID, kwrd_book_id) values (17, 131);
insert into keyword_books (inter_keyword_ID, kwrd_book_id) values (18, 132);
insert into keyword_books (inter_keyword_ID, kwrd_book_id) values (19, 133);
insert into keyword_books (inter_keyword_ID, kwrd_book_id) values (20, 134);
insert into keyword_books (inter_keyword_ID, kwrd_book_id) values (21, 135);
insert into keyword_books (inter_keyword_ID, kwrd_book_id) values (22, 136);
insert into keyword_books (inter_keyword_ID, kwrd_book_id) values (23, 137);
insert into keyword_books (inter_keyword_ID, kwrd_book_id) values (24, 138);
insert into keyword_books (inter_keyword_ID, kwrd_book_id) values (1, 139);
insert into keyword_books (inter_keyword_ID, kwrd_book_id) values (2, 140);

use library_system;

/*insert into school*/
insert into school (school_id, school_name, postal_code, city_name, school_phone_number, school_email, school_principal, school_admin) values (1, 'Pine View School', null, 'Barda', '+994 708 707 8390', 'rmattheis0@businessinsider.com', 'Alfredo McGing', 'Rowe Mattheis');
insert into school (school_id, school_name, postal_code, city_name, school_phone_number, school_email, school_principal, school_admin) values (2, 'International School', null, 'Koten', '+62 938 128 6570', 'dpipkin1@ft.com', 'Field Kinlock', 'Daffie Pipkin');
insert into school (school_id, school_name, postal_code, city_name, school_phone_number, school_email, school_principal, school_admin) values (3, 'Whitney High School', null, 'Kai', '+93 161 785 1704', 'dcolly2@sourceforge.net', 'Elise Chidler', 'Doy Colly');
insert into school (school_id, school_name, postal_code, city_name, school_phone_number, school_email, school_principal, school_admin) values (4, 'The Bronx  High School Of Science', 5203, 'Puerto Galera', '+63 698 881 5908', 'sriediger3@wufoo.com', 'Carling Litterick', 'Starr Riediger');
insert into school (school_id, school_name, postal_code, city_name, school_phone_number, school_email, school_principal, school_admin) values (5, 'Westlake Academy', 41905, 'Migrate', '+1 314 340 6501', 'mmclaren4@yahoo.com', 'Zea Rodolico', 'Murdoch McLaren');
insert into school (school_id, school_name, postal_code, city_name, school_phone_number, school_email, school_principal, school_admin) values (6, 'Lowell High School', 7409, 'Trondheim', '+47 494 771 4324', 'bmcdunlevy5@clickbank.net', 'Rhodie Hlavac', 'Billy McDunlevy');
insert into school (school_id, school_name, postal_code, city_name, school_phone_number, school_email, school_principal, school_admin) values (7, 'Boston Latin School', null, 'Agadez', '+227 582 190 8234', 'atemperton6@example.com', 'Freddy Glasper', 'Adeline Temperton');
insert into school (school_id, school_name, postal_code, city_name, school_phone_number, school_email, school_principal, school_admin) values (8, 'Kipp Houston High School', null, 'Chauk', '+95 975 277 1456', 'csoames7@mashable.com', 'Raddie Bougen', 'Carol Soames');
insert into school (school_id, school_name, postal_code, city_name, school_phone_number, school_email, school_principal, school_admin) values (9, 'Corbet School', null, 'Kendalngupuk', '+62 410 210 1318', 'jprazer8@ucla.edu', 'Marlowe Pray', 'Jarret Prazer');
insert into school (school_id, school_name, postal_code, city_name, school_phone_number, school_email, school_principal, school_admin) values (10, 'American College School', 13453, 'Hanjia', '+86 548 400 0570', 'smalden9@archive.org', 'Velma Kelleway', 'Skipper Malden');



/*insert into users(from users_new)*/
/*
insert into users (user_id, username, passwrd, first_name, last_name, email, school_name, date_of_birth, available_loans, available_reservations, user_type, user_status, book_loans) values (1, 'gchape0', 'BW7v8v3Cq0J5', 'Garnet', 'Chape', 'gchape0@xing.com', 'Kipp Houston High School', '1986-07-12', 1, 1, 'student', 'inactive', 0);
insert into users (user_id, username, passwrd, first_name, last_name, email, school_name, date_of_birth, available_loans, available_reservations, user_type, user_status, book_loans) values (3, 'ktaunton2', 'wxM8bmLbe0', 'Kyle', 'Taunton.', 'ktaunton2@so-net.ne.jp', 'Pine View School', '1944-03-19', 1, 1, 'student', 'active', 0);
insert into users (user_id, username, passwrd, first_name, last_name, email, school_name, date_of_birth, available_loans, available_reservations, user_type, user_status, book_loans) values (4, 'dfortescue3', 'uKbiPwY9', 'Davy', 'Fortescue', 'dfortescue3@google.ca', 'Pine View School', '1987-06-17', 1, 1, 'student', 'inactive', 0);
insert into users (user_id, username, passwrd, first_name, last_name, email, school_name, date_of_birth, available_loans, available_reservations, user_type, user_status, book_loans) values (5, 'olafontaine4', '1gikdwj', 'Odelinda', 'Lafontaine', 'olafontaine4@tamu.edu', 'Whitney High School', '1943-04-17', 1, 1, 'student', 'active', 0);
insert into users (user_id, username, passwrd, first_name, last_name, email, school_name, date_of_birth, available_loans, available_reservations, user_type, user_status, book_loans) values (6, 'hluparti5', 'I5nVBRRPgN', 'Howie', 'Luparti', 'hluparti5@earthlink.net', 'Lowell High School', '1992-10-10', 1, 1, 'student', 'active', 0);
insert into users (user_id, username, passwrd, first_name, last_name, email, school_name, date_of_birth, available_loans, available_reservations, user_type, user_status, book_loans) values (7, 'kokroy6', 'Di9DZsWlb', 'Kata', 'Okroy', 'kokroy6@sun.com', 'Boston Latin School', '1962-05-14', 1, 1, 'student', 'inactive', 0);
insert into users (user_id, username, passwrd, first_name, last_name, email, school_name, date_of_birth, available_loans, available_reservations, user_type, user_status, book_loans) values (8, 'wcurrie7', 'Hh8pPTxQznf', 'Wallas', 'Currie', 'wcurrie7@deliciousdays.com', 'The Bronx  High School Of Science', '1940-12-27', 1, 1, 'student', 'active', 0);
insert into users (user_id, username, passwrd, first_name, last_name, email, school_name, date_of_birth, available_loans, available_reservations, user_type, user_status, book_loans) values (9, 'etrenholm8', 'DifWRR9', 'Eva', 'Trenholm', 'etrenholm8@themeforest.net', 'Pine View School', '1990-10-24', 1, 1, 'student', 'inactive', 0);
insert into users (user_id, username, passwrd, first_name, last_name, email, school_name, date_of_birth, available_loans, available_reservations, user_type, user_status, book_loans) values (10, 'meskell9', '0hVd4TjVS5', 'Marj', 'Eskell', 'meskell9@ebay.com', 'Kipp Houston High School', '1995-01-15', 1, 1, 'student', 'active', 0);
insert into users (user_id, username, passwrd, first_name, last_name, email, school_name, date_of_birth, available_loans, available_reservations, user_type, user_status, book_loans) values (11, 'ayeamana', 'pRjLvc', 'Andriana', 'Yeaman', 'ayeamana@bbc.co.uk', 'Pine View School', '1971-10-09', 1, 1, 'student', 'inactive', 0);
insert into users (user_id, username, passwrd, first_name, last_name, email, school_name, date_of_birth, available_loans, available_reservations, user_type, user_status, book_loans) values (12, 'selksb', 'NF9gz9QSk', 'Saunders', 'Elks', 'selksb@dyndns.org', 'International School', '1985-07-29', 1, 1, 'student', 'inactive', 0);
insert into users (user_id, username, passwrd, first_name, last_name, email, school_name, date_of_birth, available_loans, available_reservations, user_type, user_status, book_loans) values (13, 'ssmythinc', 'xy0ixJG9fVZ', 'Sal', 'Smythin', 'ssmythinc@amazon.co.uk', 'Whitney High School', '1962-07-08', 1, 1, 'student', 'inactive', 0);
insert into users (user_id, username, passwrd, first_name, last_name, email, school_name, date_of_birth, available_loans, available_reservations, user_type, user_status, book_loans) values (14, 'fboddisd', 'lv446tm9kJj', 'Felicio', 'Boddis', 'fboddisd@sakura.ne.jp', 'Pine View School', '1955-09-16', 1, 1, 'student', 'active', 0);
insert into users (user_id, username, passwrd, first_name, last_name, email, school_name, date_of_birth, available_loans, available_reservations, user_type, user_status, book_loans) values (15, 'siddiense', 'PLae62VBFh', 'Salem', 'Iddiens', 'siddiense@jigsy.com', 'Corbet School', '1944-05-03', 1, 1, 'student', 'inactive', 0);
insert into users (user_id, username, passwrd, first_name, last_name, email, school_name, date_of_birth, available_loans, available_reservations, user_type, user_status, book_loans) values (16, 'taltoftf', 'd2ZFfL', 'Tadd', 'Altoft', 'taltoftf@fastcompany.com', 'Corbet School', '1996-02-25', 1, 1, 'student', 'inactive', 0);
insert into users (user_id, username, passwrd, first_name, last_name, email, school_name, date_of_birth, available_loans, available_reservations, user_type, user_status, book_loans) values (17, 'slandsburyg', '3hlma4ta0lq', 'Shannen', 'Landsbury', 'slandsburyg@ca.gov', 'Westlake Academy', '1947-06-07', 1, 1, 'student', 'inactive', 0);
insert into users (user_id, username, passwrd, first_name, last_name, email, school_name, date_of_birth, available_loans, available_reservations, user_type, user_status, book_loans) values (18, 'irawcliffeh', 'srErG7isKj', 'Ivar', 'Rawcliffe', 'irawcliffeh@mlb.com', 'International School', '1946-08-20', 1, 1, 'student', 'active', 0);
insert into users (user_id, username, passwrd, first_name, last_name, email, school_name, date_of_birth, available_loans, available_reservations, user_type, user_status, book_loans) values (19, 'dbrosekei', 'gQm4zS', 'Dolph', 'Broseke', 'dbrosekei@free.fr', 'Pine View School', '1986-05-09', 1, 1, 'student', 'inactive', 0);
insert into users (user_id, username, passwrd, first_name, last_name, email, school_name, date_of_birth, available_loans, available_reservations, user_type, user_status, book_loans) values (21, 'hmcgeaghk', 'hdIWBVaAE', 'Hanna', 'McGeagh', 'hmcgeaghk@networkadvertising.org', 'International School', '1944-09-25', 1, 1, 'student', 'inactive', 0);
insert into users (user_id, username, passwrd, first_name, last_name, email, school_name, date_of_birth, available_loans, available_reservations, user_type, user_status, book_loans) values (23, 'rfransmanm', 'aQhEzM', 'Roi', 'Fransman', 'rfransmanm@arizona.edu', 'Boston Latin School', '1950-02-07', 1, 1, 'student', 'active', 0);
insert into users (user_id, username, passwrd, first_name, last_name, email, school_name, date_of_birth, available_loans, available_reservations, user_type, user_status, book_loans) values (24, 'adraxfordn', '3W3jchOhG', 'Ainslie', 'Draxford', 'adraxfordn@engadget.com', 'Pine View School', '1986-03-30', 1, 1, 'student', 'active', 0);
insert into users (user_id, username, passwrd, first_name, last_name, email, school_name, date_of_birth, available_loans, available_reservations, user_type, user_status, book_loans) values (25, 'avasilovo', '1FNn7YARHc', 'Audie', 'Vasilov', 'avasilovo@buzzfeed.com', 'Corbet School', '1948-12-12', 1, 1, 'student', 'inactive', 0);
insert into users (user_id, username, passwrd, first_name, last_name, email, school_name, date_of_birth, available_loans, available_reservations, user_type, user_status, book_loans) values (26, 'agoosep', 'qSEHhCDE', 'Ailee', 'Goose', 'agoosep@blinklist.com', 'Pine View School', '1952-01-25', 1, 1, 'student', 'active', 0);
insert into users (user_id, username, passwrd, first_name, last_name, email, school_name, date_of_birth, available_loans, available_reservations, user_type, user_status, book_loans) values (27, 'czamudioq', 'gx6mqGbXfGI', 'Cissy', 'Zamudio', 'czamudioq@irs.gov', 'The Bronx  High School Of Science', '1955-09-20', 1, 1, 'student', 'inactive', 0);
insert into users (user_id, username, passwrd, first_name, last_name, email, school_name, date_of_birth, available_loans, available_reservations, user_type, user_status, book_loans) values (28, 'chuglir', '1fOiluVDu', 'Carl', 'Hugli', 'chuglir@ucla.edu', 'Pine View School', '1947-12-19', 1, 1, 'student', 'active', 0);
insert into users (user_id, username, passwrd, first_name, last_name, email, school_name, date_of_birth, available_loans, available_reservations, user_type, user_status, book_loans) values (30, 'rjehaest', 'W4Tdw3', 'Renaud', 'Jehaes', 'rjehaest@washingtonpost.com', 'Boston Latin School', '1941-08-08', 1, 1, 'student', 'inactive', 0);
insert into users (user_id, username, passwrd, first_name, last_name, email, school_name, date_of_birth, available_loans, available_reservations, user_type, user_status, book_loans) values (31, 'hcrawforthu', 'vw1ZVWkBb', 'Hyatt', 'Crawforth', 'hcrawforthu@phoca.cz', 'Whitney High School', '1948-03-01', 1, 1, 'student', 'inactive', 0);
insert into users (user_id, username, passwrd, first_name, last_name, email, school_name, date_of_birth, available_loans, available_reservations, user_type, user_status, book_loans) values (32, 'moliverasv', 'IHBWkrdF0jF', 'Mariam', 'Oliveras', 'moliverasv@ifeng.com', 'The Bronx  High School Of Science', '1963-10-23', 1, 1, 'student', 'inactive', 0);
insert into users (user_id, username, passwrd, first_name, last_name, email, school_name, date_of_birth, available_loans, available_reservations, user_type, user_status, book_loans) values (33, 'ltwyningw', 'MM5uUl', 'Liva', 'Twyning', 'ltwyningw@g.co', 'Lowell High School', '1959-07-24', 1, 1, 'student', 'active', 0);
insert into users (user_id, username, passwrd, first_name, last_name, email, school_name, date_of_birth, available_loans, available_reservations, user_type, user_status, book_loans) values (35, 'sdehny', '2K2k18d', 'Selle', 'Dehn', 'sdehny@vistaprint.com', 'Westlake Academy', '1980-10-25', 1, 1, 'student', 'inactive', 0);
insert into users (user_id, username, passwrd, first_name, last_name, email, school_name, date_of_birth, available_loans, available_reservations, user_type, user_status, book_loans) values (36, 'halenovz', '1RuOOXZ', 'Hestia', 'Alenov', 'halenovz@illinois.edu', 'Kipp Houston High School', '1961-06-19', 1, 1, 'student', 'active', 0);
insert into users (user_id, username, passwrd, first_name, last_name, email, school_name, date_of_birth, available_loans, available_reservations, user_type, user_status, book_loans) values (37, 'hham10', 'qm90Mga', 'Harold', 'Ham', 'hham10@ca.gov', 'International School', '1938-08-06', 1, 1, 'student', 'active', 0);
insert into users (user_id, username, passwrd, first_name, last_name, email, school_name, date_of_birth, available_loans, available_reservations, user_type, user_status, book_loans) values (39, 'dyoule12', 'K4YcdD', 'Douglas', 'Youle', 'dyoule12@dyndns.org', 'Lowell High School', '1971-10-24', 1, 1, 'student', 'active', 0);
insert into users (user_id, username, passwrd, first_name, last_name, email, school_name, date_of_birth, available_loans, available_reservations, user_type, user_status, book_loans) values (40, 'fmerkel13', 'eenRmZnTWs5', 'Floyd', 'Merkel', 'fmerkel13@topsy.com', 'Whitney High School', '1975-02-17', 1, 1, 'student', 'active', 0);
insert into users (user_id, username, passwrd, first_name, last_name, email, school_name, date_of_birth, available_loans, available_reservations, user_type, user_status, book_loans) values (41, 'mblore14', 'KtjQC8mF5Rd', 'Melvyn', 'Blore', 'mblore14@google.ca', 'Corbet School', '1976-04-27', 1, 1, 'student', 'inactive', 0);
insert into users (user_id, username, passwrd, first_name, last_name, email, school_name, date_of_birth, available_loans, available_reservations, user_type, user_status, book_loans) values (42, 'bwadeling15', 'u3oYemDiY', 'Bettye', 'Wadeling', 'bwadeling15@ca.gov', 'The Bronx  High School Of Science', '1999-03-31', 1, 1, 'student', 'inactive', 0);
insert into users (user_id, username, passwrd, first_name, last_name, email, school_name, date_of_birth, available_loans, available_reservations, user_type, user_status, book_loans) values (43, 'dmeasey16', 'ZwcxixfY0Ts', 'Dalila', 'Measey', 'dmeasey16@tripod.com', 'International School', '1958-07-19', 1, 1, 'student', 'inactive', 0);
insert into users (user_id, username, passwrd, first_name, last_name, email, school_name, date_of_birth, available_loans, available_reservations, user_type, user_status, book_loans) values (44, 'clevens17', 'MQhMH2k', 'Chloe', 'Levens', 'clevens17@smh.com.au', 'Westlake Academy', '1984-04-05', 1, 1, 'student', 'active', 0);
insert into users (user_id, username, passwrd, first_name, last_name, email, school_name, date_of_birth, available_loans, available_reservations, user_type, user_status, book_loans) values (45, 'fgoggen18', 'phyWYrIZD3', 'Fitzgerald', 'Goggen', 'fgoggen18@sbwire.com', 'Lowell High School', '1938-07-04', 1, 1, 'student', 'active', 0);
insert into users (user_id, username, passwrd, first_name, last_name, email, school_name, date_of_birth, available_loans, available_reservations, user_type, user_status, book_loans) values (46, 'vhansel19', '4lBD5CUFMvy', 'Victor', 'Hansel', 'vhansel19@wisc.edu', 'Kipp Houston High School', '1984-04-16', 1, 1, 'student', 'inactive', 0);
insert into users (user_id, username, passwrd, first_name, last_name, email, school_name, date_of_birth, available_loans, available_reservations, user_type, user_status, book_loans) values (47, 'gseldon1a', 'DLK1s7RNPDw', 'Gabey', 'Seldon', 'gseldon1a@thetimes.co.uk', 'Lowell High School', '1960-03-17', 1, 1, 'student', 'inactive', 0);
insert into users (user_id, username, passwrd, first_name, last_name, email, school_name, date_of_birth, available_loans, available_reservations, user_type, user_status, book_loans) values (48, 'gcount1b', 'P9nk0FM', 'Garwood', 'Count', 'gcount1b@angelfire.com', 'International School', '1970-12-02', 1, 1, 'student', 'inactive', 0);
insert into users (user_id, username, passwrd, first_name, last_name, email, school_name, date_of_birth, available_loans, available_reservations, user_type, user_status, book_loans) values (49, 'csherrott1c', 'sBvkx8', 'Cole', 'Sherrott', 'csherrott1c@whitehouse.gov', 'Westlake Academy', '1972-10-19', 1, 1, 'student', 'inactive', 0);
insert into users (user_id, username, passwrd, first_name, last_name, email, school_name, date_of_birth, available_loans, available_reservations, user_type, user_status, book_loans) values (50, 'hdrynan1d', 'CfEjmH', 'Hallsy', 'Drynan', 'hdrynan1d@vk.com', 'Boston Latin School', '1978-09-11', 1, 1, 'student', 'active', 0);
insert into users (user_id, username, passwrd, first_name, last_name, email, school_name, date_of_birth, available_loans, available_reservations, user_type, user_status, book_loans) values (52, 'smannin1f', 'SZAhKvd', 'Shermy', 'Mannin', 'smannin1f@netscape.com', 'Boston Latin School', '1995-02-14', 1, 1, 'student', 'inactive', 0);
insert into users (user_id, username, passwrd, first_name, last_name, email, school_name, date_of_birth, available_loans, available_reservations, user_type, user_status, book_loans) values (53, 'bvaskov1g', 'oJ2c4L5tS', 'Bradford', 'Vaskov', 'bvaskov1g@mail.ru', 'Lowell High School', '1964-03-14', 1, 1, 'student', 'inactive', 0);
insert into users (user_id, username, passwrd, first_name, last_name, email, school_name, date_of_birth, available_loans, available_reservations, user_type, user_status, book_loans) values (54, 'atwyning1h', '4FAZuWc', 'Anton', 'Twyning', 'atwyning1h@amazon.co.jp', 'Westlake Academy', '1958-12-13', 1, 1, 'student', 'active', 0);
insert into users (user_id, username, passwrd, first_name, last_name, email, school_name, date_of_birth, available_loans, available_reservations, user_type, user_status, book_loans) values (55, 'dbelhome1i', 'zpriNNfKrn', 'Dietrich', 'Belhome', 'dbelhome1i@livejournal.com', 'Pine View School', '1972-06-20', 1, 1, 'student', 'active', 0);
insert into users (user_id, username, passwrd, first_name, last_name, email, school_name, date_of_birth, available_loans, available_reservations, user_type, user_status, book_loans) values (56, 'rcasado1j', 'IKVbJhyLctf', 'Rea', 'Casado', 'rcasado1j@behance.net', 'Corbet School', '1973-05-14', 1, 1, 'student', 'inactive', 0);
insert into users (user_id, username, passwrd, first_name, last_name, email, school_name, date_of_birth, available_loans, available_reservations, user_type, user_status, book_loans) values (58, 'jsowthcote1l', 'Rlb2Ky2ExXc', 'Josefa', 'Sowthcote', 'jsowthcote1l@gravatar.com', 'Whitney High School', '1968-08-14', 1, 1, 'student', 'active', 0);
insert into users (user_id, username, passwrd, first_name, last_name, email, school_name, date_of_birth, available_loans, available_reservations, user_type, user_status, book_loans) values (59, 'ywalby1m', 'Mop7P6N1', 'Yovonnda', 'Walby', 'ywalby1m@wired.com', 'International School', '1973-03-30', 1, 1, 'student', 'active', 0);
insert into users (user_id, username, passwrd, first_name, last_name, email, school_name, date_of_birth, available_loans, available_reservations, user_type, user_status, book_loans) values (61, 'barsey1o', '6Zs67gtNms', 'Berkeley', 'Arsey', 'barsey1o@fda.gov', 'The Bronx  High School Of Science', '1999-03-03', 1, 1, 'student', 'active', 0);
insert into users (user_id, username, passwrd, first_name, last_name, email, school_name, date_of_birth, available_loans, available_reservations, user_type, user_status, book_loans) values (62, 'mbrown1p', 'UifNgPk', 'Melosa', 'Brown', 'mbrown1p@npr.org', 'Corbet School', '1946-06-16', 1, 1, 'student', 'inactive', 0);
insert into users (user_id, username, passwrd, first_name, last_name, email, school_name, date_of_birth, available_loans, available_reservations, user_type, user_status, book_loans) values (63, 'bminichi1q', 'CkuEor6nL', 'Byrle', 'Minichi', 'bminichi1q@bloglines.com', 'Boston Latin School', '1967-09-14', 1, 1, 'student', 'inactive', 0);
insert into users (user_id, username, passwrd, first_name, last_name, email, school_name, date_of_birth, available_loans, available_reservations, user_type, user_status, book_loans) values (64, 'pbonevant1r', 'PSIDJkLO', 'Phillis', 'Bonevant', 'pbonevant1r@chron.com', 'Westlake Academy', '1945-08-24', 1, 1, 'student', 'inactive', 0);
insert into users (user_id, username, passwrd, first_name, last_name, email, school_name, date_of_birth, available_loans, available_reservations, user_type, user_status, book_loans) values (65, 'sreeday1s', 'KLwqWZ3x2', 'Silvain', 'Reeday', 'sreeday1s@slashdot.org', 'Whitney High School', '1944-02-21', 1, 1, 'student', 'active', 0);
insert into users (user_id, username, passwrd, first_name, last_name, email, school_name, date_of_birth, available_loans, available_reservations, user_type, user_status, book_loans) values (69, 'mbluett1w', '499gVcRN', 'Mimi', 'Bluett', 'mbluett1w@dion.ne.jp', 'Lowell High School', '1973-06-17', 1, 1, 'student', 'active', 0);
insert into users (user_id, username, passwrd, first_name, last_name, email, school_name, date_of_birth, available_loans, available_reservations, user_type, user_status, book_loans) values (70, 'tlegrand1x', '0XbPrnts', 'Tamiko', 'Legrand', 'tlegrand1x@tuttocitta.it', 'Boston Latin School', '1962-10-09', 1, 1, 'student', 'active', 0);
insert into users (user_id, username, passwrd, first_name, last_name, email, school_name, date_of_birth, available_loans, available_reservations, user_type, user_status, book_loans) values (71, 'jeilhersen1y', 'uft42xa1Bz', 'Jami', 'Eilhersen', 'jeilhersen1y@nsw.gov.au', 'Pine View School', '1942-02-16', 1, 1, 'student', 'active', 0);
insert into users (user_id, username, passwrd, first_name, last_name, email, school_name, date_of_birth, available_loans, available_reservations, user_type, user_status, book_loans) values (72, 'kmathey1z', 'f9563m', 'Kev', 'Mathey', 'kmathey1z@reddit.com', 'Westlake Academy', '1950-09-12', 1, 1, 'student', 'active', 0);
insert into users (user_id, username, passwrd, first_name, last_name, email, school_name, date_of_birth, available_loans, available_reservations, user_type, user_status, book_loans) values (73, 'jmerrell20', 'obxvsNic9z', 'Jenda', 'Merrell', 'jmerrell20@unblog.fr', 'International School', '1959-04-26', 1, 1, 'student', 'inactive', 0);
insert into users (user_id, username, passwrd, first_name, last_name, email, school_name, date_of_birth, available_loans, available_reservations, user_type, user_status, book_loans) values (74, 'wboyack21', 'wvx06U3', 'Welsh', 'Boyack', 'wboyack21@gov.uk', 'Whitney High School', '1971-09-04', 1, 1, 'student', 'inactive', 0);
insert into users (user_id, username, passwrd, first_name, last_name, email, school_name, date_of_birth, available_loans, available_reservations, user_type, user_status, book_loans) values (75, 'ehairon22', '8mUsaJ', 'Evanne', 'Hairon', 'ehairon22@devhub.com', 'The Bronx  High School Of Science', '1999-03-27', 1, 1, 'student', 'active', 0);
insert into users (user_id, username, passwrd, first_name, last_name, email, school_name, date_of_birth, available_loans, available_reservations, user_type, user_status, book_loans) values (76, 'edesseine23', 'x8LBtTTr3IV', 'Elisha', 'Desseine', 'edesseine23@dion.ne.jp', 'Boston Latin School', '1957-07-24', 1, 1, 'student', 'active', 0);
insert into users (user_id, username, passwrd, first_name, last_name, email, school_name, date_of_birth, available_loans, available_reservations, user_type, user_status, book_loans) values (77, 'cjelley24', 'bUzslJ', 'Conway', 'Jelley', 'cjelley24@irs.gov', 'Pine View School', '1956-10-23', 1, 1, 'student', 'active', 0);
insert into users (user_id, username, passwrd, first_name, last_name, email, school_name, date_of_birth, available_loans, available_reservations, user_type, user_status, book_loans) values (78, 'xwiltshear25', 'mryKsuJA0tjM', 'Ximenes', 'Wiltshear', 'xwiltshear25@desdev.cn', 'Lowell High School', '1981-01-21', 1, 1, 'student', 'active', 0);
insert into users (user_id, username, passwrd, first_name, last_name, email, school_name, date_of_birth, available_loans, available_reservations, user_type, user_status, book_loans) values (80, 'ehattam27', '1LMRf5pSunQD', 'Elly', 'Hattam', 'ehattam27@artisteer.com', 'The Bronx  High School Of Science', '1980-05-11', 1, 1, 'student', 'active', 0);
insert into users (user_id, username, passwrd, first_name, last_name, email, school_name, date_of_birth, available_loans, available_reservations, user_type, user_status, book_loans) values (81, 'whonatsch28', 'fnMuqPmwA8pN', 'Waldo', 'Honatsch', 'whonatsch28@umich.edu', 'Westlake Academy', '1946-03-16', 1, 1, 'student', 'active', 0);
insert into users (user_id, username, passwrd, first_name, last_name, email, school_name, date_of_birth, available_loans, available_reservations, user_type, user_status, book_loans) values (82, 'dyetton29', 'qGw7T1SUba', 'Darci', 'Yetton', 'dyetton29@about.com', 'Lowell High School', '1971-01-24', 1, 1, 'student', 'inactive', 0);
insert into users (user_id, username, passwrd, first_name, last_name, email, school_name, date_of_birth, available_loans, available_reservations, user_type, user_status, book_loans) values (83, 'mmokes2a', 'aZ1DCbbV', 'Micheline', 'Mokes', 'mmokes2a@nationalgeographic.com', 'Pine View School', '1938-11-05', 1, 1, 'student', 'active', 0);
insert into users (user_id, username, passwrd, first_name, last_name, email, school_name, date_of_birth, available_loans, available_reservations, user_type, user_status, book_loans) values (85, 'rpowys2c', 'UojQkU5inGP', 'Rosabella', 'Powys', 'rpowys2c@telegraph.co.uk', 'Kipp Houston High School', '1984-05-14', 1, 1, 'student', 'inactive', 0);
insert into users (user_id, username, passwrd, first_name, last_name, email, school_name, date_of_birth, available_loans, available_reservations, user_type, user_status, book_loans) values (86, 'bgiuron2d', 'EEmRaYQLj', 'Byrann', 'Giuron', 'bgiuron2d@about.me', 'Boston Latin School', '1975-05-14', 1, 1, 'student', 'inactive', 0);
insert into users (user_id, username, passwrd, first_name, last_name, email, school_name, date_of_birth, available_loans, available_reservations, user_type, user_status, book_loans) values (88, 'lshemmin2f', 'OBjZI3MfmlZI', 'Linn', 'Shemmin', 'lshemmin2f@indiatimes.com', 'Corbet School', '1949-10-15', 1, 1, 'student', 'inactive', 0);
insert into users (user_id, username, passwrd, first_name, last_name, email, school_name, date_of_birth, available_loans, available_reservations, user_type, user_status, book_loans) values (89, 'jbeagin2g', 'gyQVemtK', 'Johnette', 'Beagin', 'jbeagin2g@home.pl', 'Kipp Houston High School', '1981-05-06', 1, 1, 'student', 'inactive', 0);
insert into users (user_id, username, passwrd, first_name, last_name, email, school_name, date_of_birth, available_loans, available_reservations, user_type, user_status, book_loans) values (90, 'aeloy2h', 'PL9M8DJzv', 'Antonia', 'Eloy', 'aeloy2h@tamu.edu', 'The Bronx  High School Of Science', '1997-06-15', 1, 1, 'student', 'active', 0);
insert into users (user_id, username, passwrd, first_name, last_name, email, school_name, date_of_birth, available_loans, available_reservations, user_type, user_status, book_loans) values (91, 'etax2i', '3cmSm6', 'Emalia', 'Tax', 'etax2i@comsenz.com', 'Lowell High School', '1940-02-22', 1, 1, 'student', 'inactive', 0);
insert into users (user_id, username, passwrd, first_name, last_name, email, school_name, date_of_birth, available_loans, available_reservations, user_type, user_status, book_loans) values (92, 'kklishin2j', '6EThLAwFRO', 'Kordula', 'Klishin', 'kklishin2j@harvard.edu', 'International School', '1945-12-01', 1, 1, 'student', 'active', 0);
insert into users (user_id, username, passwrd, first_name, last_name, email, school_name, date_of_birth, available_loans, available_reservations, user_type, user_status, book_loans) values (93, 'ccarette2k', '2TjOTVQ', 'Carlin', 'Carette', 'ccarette2k@yellowpages.com', 'Whitney High School', '1943-04-03', 1, 1, 'student', 'active', 0);
insert into users (user_id, username, passwrd, first_name, last_name, email, school_name, date_of_birth, available_loans, available_reservations, user_type, user_status, book_loans) values (94, 'mchisnall2l', 'TwzkUHxWeqL', 'Marketa', 'Chisnall', 'mchisnall2l@digg.com', 'Boston Latin School', '1978-04-17', 1, 1, 'student', 'active', 0);
insert into users (user_id, username, passwrd, first_name, last_name, email, school_name, date_of_birth, available_loans, available_reservations, user_type, user_status, book_loans) values (96, 'jklos2n', 'YI64Dw', 'Juliane', 'Klos', 'jklos2n@elegantthemes.com', 'Pine View School', '1999-09-08', 1, 1, 'student', 'active', 0);
insert into users (user_id, username, passwrd, first_name, last_name, email, school_name, date_of_birth, available_loans, available_reservations, user_type, user_status, book_loans) values (97, 'psabater2o', 'TTjIGiEryaSf', 'Patricio', 'Sabater', 'psabater2o@tumblr.com', 'International School', '1980-11-27', 1, 1, 'student', 'inactive', 0);
insert into users (user_id, username, passwrd, first_name, last_name, email, school_name, date_of_birth, available_loans, available_reservations, user_type, user_status, book_loans) values (98, 'cdiggins2p', 'lbkDRV21bkSn', 'Cecile', 'Diggins', 'cdiggins2p@craigslist.org', 'Kipp Houston High School', '1954-09-04', 1, 1, 'student', 'inactive', 0);
insert into users (user_id, username, passwrd, first_name, last_name, email, school_name, date_of_birth, available_loans, available_reservations, user_type, user_status, book_loans) values (99, 'calliban2q', 'GBqnoJ72LJYx', 'Carmine', 'Alliban', 'calliban2q@ocn.ne.jp', 'Whitney High School', '1950-07-24', 1, 1, 'student', 'active', 0);
insert into users (user_id, username, passwrd, first_name, last_name, email, school_name, date_of_birth, available_loans, available_reservations, user_type, user_status, book_loans) values (100, 'kbeadman2r', 'NpyGtT', 'Kissiah', 'Beadman', 'kbeadman2r@parallels.com', 'Lowell High School', '1979-10-27', 1, 1, 'student', 'active', 0);
insert into users (user_id, username, passwrd, first_name, last_name, email, school_name, date_of_birth, available_loans, available_reservations, user_type, user_status, book_loans) values (2, 'pmercik1', 'PZL8egliUw7', 'Petunia', 'Mercik', 'pmercik1@123-reg.co.uk', 'Westlake Academy', '1970-10-09', 2, 2, 'teacher', 'inactive', 0);
insert into users (user_id, username, passwrd, first_name, last_name, email, school_name, date_of_birth, available_loans, available_reservations, user_type, user_status, book_loans) values (20, 'nahrensj', 'Pu230Jg5CsVT', 'Napoleon', 'Ahrens', 'nahrensj@cam.ac.uk', 'Lowell High School', '1974-09-28', 2, 2, 'teacher', 'inactive', 0);
insert into users (user_id, username, passwrd, first_name, last_name, email, school_name, date_of_birth, available_loans, available_reservations, user_type, user_status, book_loans) values (22, 'awestgarthl', '9HdiZqncYUm', 'Asa', 'Westgarth', 'awestgarthl@unblog.fr', 'Lowell High School', '1988-12-24', 2, 2, 'teacher', 'active', 0);
insert into users (user_id, username, passwrd, first_name, last_name, email, school_name, date_of_birth, available_loans, available_reservations, user_type, user_status, book_loans) values (29, 'dhinkensens', 'we4sB6nYc5M', 'Damaris', 'Hinkensen', 'dhinkensens@domainmarket.com', 'Lowell High School', '1967-06-24', 2, 2, 'teacher', 'active', 0);
insert into users (user_id, username, passwrd, first_name, last_name, email, school_name, date_of_birth, available_loans, available_reservations, user_type, user_status, book_loans) values (34, 'cmehaffeyx', 'TZ7TkO', 'Charita', 'Mehaffey', 'cmehaffeyx@sohu.com', 'Corbet School', '1990-08-03', 2, 2, 'teacher', 'inactive', 0);
insert into users (user_id, username, passwrd, first_name, last_name, email, school_name, date_of_birth, available_loans, available_reservations, user_type, user_status, book_loans) values (38, 'lfeild11', 'iuQjq8Ls', 'Lewie', 'Feild', 'lfeild11@xrea.com', 'The Bronx  High School Of Science', '1944-06-14', 2, 2, 'teacher', 'active', 0);
insert into users (user_id, username, passwrd, first_name, last_name, email, school_name, date_of_birth, available_loans, available_reservations, user_type, user_status, book_loans) values (51, 'cboxall1e', 'xCG81F', 'Chalmers', 'Boxall', 'cboxall1e@dmoz.org', 'Kipp Houston High School', '1977-04-21', 2, 2, 'teacher', 'active', 0);
insert into users (user_id, username, passwrd, first_name, last_name, email, school_name, date_of_birth, available_loans, available_reservations, user_type, user_status, book_loans) values (57, 'ntayloe1k', 'sGK0tmO3Br84', 'Nathan', 'Tayloe', 'ntayloe1k@myspace.com', 'Pine View School', '1984-06-29', 2, 2, 'teacher', 'inactive', 0);
insert into users (user_id, username, passwrd, first_name, last_name, email, school_name, date_of_birth, available_loans, available_reservations, user_type, user_status, book_loans) values (60, 'aisack1n', 'xSA9u9F4QV1F', 'Ayn', 'Isack', 'aisack1n@trellian.com', 'Boston Latin School', '1970-01-09', 2, 2, 'teacher', 'active', 0);
insert into users (user_id, username, passwrd, first_name, last_name, email, school_name, date_of_birth, available_loans, available_reservations, user_type, user_status, book_loans) values (66, 'lcoltart1t', 'I5779X', 'Leontine', 'Coltart', 'lcoltart1t@pagesperso-orange.fr', 'International School', '1966-06-12', 2, 2, 'teacher', 'active', 0);
insert into users (user_id, username, passwrd, first_name, last_name, email, school_name, date_of_birth, available_loans, available_reservations, user_type, user_status, book_loans) values (67, 'ggillespie1u', 'WYzGbfo', 'Guillaume', 'Gillespie', 'ggillespie1u@prnewswire.com', 'Westlake Academy', '1941-07-03', 2, 2, 'teacher', 'inactive', 0);
insert into users (user_id, username, passwrd, first_name, last_name, email, school_name, date_of_birth, available_loans, available_reservations, user_type, user_status, book_loans) values (68, 'ahurlin1v', 'B9b8D8BDvCS', 'Adan', 'Hurlin', 'ahurlin1v@newsvine.com', 'Whitney High School', '1948-03-29', 2, 2, 'teacher', 'inactive', 0);
insert into users (user_id, username, passwrd, first_name, last_name, email, school_name, date_of_birth, available_loans, available_reservations, user_type, user_status, book_loans) values (79, 'cskough26', 'ATrlVbeko', 'Claudell', 'Skough', 'cskough26@guardian.co.uk', 'Pine View School', '1966-02-21', 2, 2, 'teacher', 'inactive', 0);
insert into users (user_id, username, passwrd, first_name, last_name, email, school_name, date_of_birth, available_loans, available_reservations, user_type, user_status, book_loans) values (84, 'dreedie2b', '6bBHg42H', 'Donelle', 'Reedie', 'dreedie2b@jugem.jp', 'Corbet School', '1944-11-30', 2, 2, 'teacher', 'active', 0);
insert into users (user_id, username, passwrd, first_name, last_name, email, school_name, date_of_birth, available_loans, available_reservations, user_type, user_status, book_loans) values (87, 'opostles2e', 'LbQWZb40KaCu', 'Ophelia', 'Postles', 'opostles2e@wunderground.com', 'International School', '1993-07-31', 2, 2, 'teacher', 'inactive', 0);
insert into users (user_id, username, passwrd, first_name, last_name, email, school_name, date_of_birth, available_loans, available_reservations, user_type, user_status, book_loans) values (95, 'dandriolli2m', 'g0TImV', 'Dunn', 'Andriolli', 'dandriolli2m@fda.gov', 'The Bronx  High School Of Science', '1960-12-23', 2, 2, 'teacher', 'active', 0);
insert into users (user_id, username, passwrd, first_name, last_name, email, school_name, date_of_birth, available_loans, available_reservations, user_type, user_status, book_loans) values (101, 'eieqiuxnq', 'wew4wfe', 'Jeff', 'Bezos', 'ewd@ntua.gr', 'The Bronx  High School Of Science', '1962-04-25', 2, 2, 'admin', 'active', 0);
insert into users (user_id, username, passwrd, first_name, last_name, email, school_name, date_of_birth, available_loans, available_reservations, user_type, user_status, book_loans) values (102, 'trvesr', 'gt56', 'Rowe', 'Mattheis', 'rwwa@wmix.com', 'Pine View School', '1973-03-15', 2, 2, 'school admin', 'active', 0);
insert into users (user_id, username, passwrd, first_name, last_name, email, school_name, date_of_birth, available_loans, available_reservations, user_type, user_status, book_loans) values (103, 'evs', '5g6v', 'Daffie', 'Pipkin', '2kso@gmail.com', 'International School', '1982-07-15', 2, 2, 'school admin', 'active', 0);
insert into users (user_id, username, passwrd, first_name, last_name, email, school_name, date_of_birth, available_loans, available_reservations, user_type, user_status, book_loans) values (104, 'er', 'h78k9n', 'Doy', 'Colly', 'eduw@ntua.com', 'Whitney High School', '1950-09-29', 2, 2, 'school admin', 'active', 0);
insert into users (user_id, username, passwrd, first_name, last_name, email, school_name, date_of_birth, available_loans, available_reservations, user_type, user_status, book_loans) values (105, 'eavererv', 'btr723', 'Starr', 'Riediger', 'eqqqw@gmail.com', 'The Bronx  High School Of Science', '1958-07-24', 2, 2, 'school admin', 'active', 0);
insert into users (user_id, username, passwrd, first_name, last_name, email, school_name, date_of_birth, available_loans, available_reservations, user_type, user_status, book_loans) values (106, 'eerv', 'fr6mgj', 'Murdoch', 'McLaren', 'qwd@yahoo.com', 'Westlake Academy', '1979-12-25', 2, 2, 'school admin', 'active', 0);
insert into users (user_id, username, passwrd, first_name, last_name, email, school_name, date_of_birth, available_loans, available_reservations, user_type, user_status, book_loans) values (107, 'mguyn', 'nujiklo', 'Billy', 'McDunlevy', 'qw2s@yahoo.com', 'Lowell High School', '1996-08-07', 2, 2, 'school admin', 'active', 0);
insert into users (user_id, username, passwrd, first_name, last_name, email, school_name, date_of_birth, available_loans, available_reservations, user_type, user_status, book_loans) values (108, 'wef4', 'yfgy77', 'Adeline', 'Temperton', '2d232@yahoo.com', 'Boston Latin School', '1957-08-26', 2, 2, 'school admin', 'active', 0);
insert into users (user_id, username, passwrd, first_name, last_name, email, school_name, date_of_birth, available_loans, available_reservations, user_type, user_status, book_loans) values (109, 'v665h', 'ydtbte', 'Carol', 'Soames', 'ecw@yahoo.com', 'Kipp Houston High School', '1958-09-21', 2, 2, 'school admin', 'active', 0);
insert into users (user_id, username, passwrd, first_name, last_name, email, school_name, date_of_birth, available_loans, available_reservations, user_type, user_status, book_loans) values (110, 'yb7e55wgf', '56q43f4', 'Jarret', 'Prazer', 'dww1q@yahoo.com', 'Corbet School', '1979-06-22', 2, 2, 'school admin', 'active', 0);
insert into users (user_id, username, passwrd, first_name, last_name, email, school_name, date_of_birth, available_loans, available_reservations, user_type, user_status, book_loans) values (111, 'trtdhe56', 'g54g6h', 'Skipper', 'Malden', 'ctehyu@yahoo.com', 'American College School', '1998-10-22', 2, 2, 'school admin', 'active', 0);
*/
insert into users (user_id, username, passwrd, first_name, last_name, email, users_fk_school_id, date_of_birth, available_loans, available_reservations, user_type, user_status, book_loans) values (1, 'gchape0', 'BW7v8v3Cq0J5', 'Garnet', 'Chape', 'gchape0@xing.com', 3, '1983-10-10', 1, 1, 'student', 'inactive', 0);
insert into users (user_id, username, passwrd, first_name, last_name, email, users_fk_school_id, date_of_birth, available_loans, available_reservations, user_type, user_status, book_loans) values (3, 'ktaunton2', 'wxM8bmLbe0', 'Kyle', 'Taunton.', 'ktaunton2@so-net.ne.jp', 5, '1939-07-16', 1, 1, 'student', 'active', 0);
insert into users (user_id, username, passwrd, first_name, last_name, email, users_fk_school_id, date_of_birth, available_loans, available_reservations, user_type, user_status, book_loans) values (4, 'dfortescue3', 'uKbiPwY9', 'Davy', 'Fortescue', 'dfortescue3@google.ca', 5, '1994-06-14', 1, 1, 'student', 'inactive', 0);
insert into users (user_id, username, passwrd, first_name, last_name, email, users_fk_school_id, date_of_birth, available_loans, available_reservations, user_type, user_status, book_loans) values (5, 'olafontaine4', '1gikdwj', 'Odelinda', 'Lafontaine', 'olafontaine4@tamu.edu', 1, '1998-05-13', 1, 1, 'student', 'active', 0);
insert into users (user_id, username, passwrd, first_name, last_name, email, users_fk_school_id, date_of_birth, available_loans, available_reservations, user_type, user_status, book_loans) values (6, 'hluparti5', 'I5nVBRRPgN', 'Howie', 'Luparti', 'hluparti5@earthlink.net', 1, '1982-04-19', 1, 1, 'student', 'active', 0);
insert into users (user_id, username, passwrd, first_name, last_name, email, users_fk_school_id, date_of_birth, available_loans, available_reservations, user_type, user_status, book_loans) values (7, 'kokroy6', 'Di9DZsWlb', 'Kata', 'Okroy', 'kokroy6@sun.com', 7, '1998-06-26', 1, 1, 'student', 'inactive', 0);
insert into users (user_id, username, passwrd, first_name, last_name, email, users_fk_school_id, date_of_birth, available_loans, available_reservations, user_type, user_status, book_loans) values (8, 'wcurrie7', 'Hh8pPTxQznf', 'Wallas', 'Currie', 'wcurrie7@deliciousdays.com', 1, '1999-10-15', 1, 1, 'student', 'active', 0);
insert into users (user_id, username, passwrd, first_name, last_name, email, users_fk_school_id, date_of_birth, available_loans, available_reservations, user_type, user_status, book_loans) values (9, 'etrenholm8', 'DifWRR9', 'Eva', 'Trenholm', 'etrenholm8@themeforest.net', 3, '1960-06-03', 1, 1, 'student', 'inactive', 0);
insert into users (user_id, username, passwrd, first_name, last_name, email, users_fk_school_id, date_of_birth, available_loans, available_reservations, user_type, user_status, book_loans) values (10, 'meskell9', '0hVd4TjVS5', 'Marj', 'Eskell', 'meskell9@ebay.com', 9, '1970-10-20', 1, 1, 'student', 'active', 0);
insert into users (user_id, username, passwrd, first_name, last_name, email, users_fk_school_id, date_of_birth, available_loans, available_reservations, user_type, user_status, book_loans) values (11, 'ayeamana', 'pRjLvc', 'Andriana', 'Yeaman', 'ayeamana@bbc.co.uk', 10, '1968-09-04', 1, 1, 'student', 'inactive', 0);
insert into users (user_id, username, passwrd, first_name, last_name, email, users_fk_school_id, date_of_birth, available_loans, available_reservations, user_type, user_status, book_loans) values (12, 'selksb', 'NF9gz9QSk', 'Saunders', 'Elks', 'selksb@dyndns.org', 4, '1979-05-10', 1, 1, 'student', 'inactive', 0);
insert into users (user_id, username, passwrd, first_name, last_name, email, users_fk_school_id, date_of_birth, available_loans, available_reservations, user_type, user_status, book_loans) values (13, 'ssmythinc', 'xy0ixJG9fVZ', 'Sal', 'Smythin', 'ssmythinc@amazon.co.uk', 5, '1961-05-18', 1, 1, 'student', 'inactive', 0);
insert into users (user_id, username, passwrd, first_name, last_name, email, users_fk_school_id, date_of_birth, available_loans, available_reservations, user_type, user_status, book_loans) values (14, 'fboddisd', 'lv446tm9kJj', 'Felicio', 'Boddis', 'fboddisd@sakura.ne.jp', 10, '1943-04-01', 1, 1, 'student', 'active', 0);
insert into users (user_id, username, passwrd, first_name, last_name, email, users_fk_school_id, date_of_birth, available_loans, available_reservations, user_type, user_status, book_loans) values (15, 'siddiense', 'PLae62VBFh', 'Salem', 'Iddiens', 'siddiense@jigsy.com', 9, '1967-03-22', 1, 1, 'student', 'inactive', 0);
insert into users (user_id, username, passwrd, first_name, last_name, email, users_fk_school_id, date_of_birth, available_loans, available_reservations, user_type, user_status, book_loans) values (16, 'taltoftf', 'd2ZFfL', 'Tadd', 'Altoft', 'taltoftf@fastcompany.com', 8, '1950-07-09', 1, 1, 'student', 'inactive', 0);
insert into users (user_id, username, passwrd, first_name, last_name, email, users_fk_school_id, date_of_birth, available_loans, available_reservations, user_type, user_status, book_loans) values (17, 'slandsburyg', '3hlma4ta0lq', 'Shannen', 'Landsbury', 'slandsburyg@ca.gov', 8, '1987-01-23', 1, 1, 'student', 'inactive', 0);
insert into users (user_id, username, passwrd, first_name, last_name, email, users_fk_school_id, date_of_birth, available_loans, available_reservations, user_type, user_status, book_loans) values (18, 'irawcliffeh', 'srErG7isKj', 'Ivar', 'Rawcliffe', 'irawcliffeh@mlb.com', 8, '1940-12-16', 1, 1, 'student', 'active', 0);
insert into users (user_id, username, passwrd, first_name, last_name, email, users_fk_school_id, date_of_birth, available_loans, available_reservations, user_type, user_status, book_loans) values (19, 'dbrosekei', 'gQm4zS', 'Dolph', 'Broseke', 'dbrosekei@free.fr', 8, '1951-03-31', 1, 1, 'student', 'inactive', 0);
insert into users (user_id, username, passwrd, first_name, last_name, email, users_fk_school_id, date_of_birth, available_loans, available_reservations, user_type, user_status, book_loans) values (21, 'hmcgeaghk', 'hdIWBVaAE', 'Hanna', 'McGeagh', 'hmcgeaghk@networkadvertising.org', 8, '1940-03-13', 1, 1, 'student', 'inactive', 0);
insert into users (user_id, username, passwrd, first_name, last_name, email, users_fk_school_id, date_of_birth, available_loans, available_reservations, user_type, user_status, book_loans) values (23, 'rfransmanm', 'aQhEzM', 'Roi', 'Fransman', 'rfransmanm@arizona.edu', 10, '1978-10-12', 1, 1, 'student', 'active', 0);
insert into users (user_id, username, passwrd, first_name, last_name, email, users_fk_school_id, date_of_birth, available_loans, available_reservations, user_type, user_status, book_loans) values (24, 'adraxfordn', '3W3jchOhG', 'Ainslie', 'Draxford', 'adraxfordn@engadget.com', 10, '1982-11-27', 1, 1, 'student', 'active', 0);
insert into users (user_id, username, passwrd, first_name, last_name, email, users_fk_school_id, date_of_birth, available_loans, available_reservations, user_type, user_status, book_loans) values (25, 'avasilovo', '1FNn7YARHc', 'Audie', 'Vasilov', 'avasilovo@buzzfeed.com', 4, '1946-02-05', 1, 1, 'student', 'inactive', 0);
insert into users (user_id, username, passwrd, first_name, last_name, email, users_fk_school_id, date_of_birth, available_loans, available_reservations, user_type, user_status, book_loans) values (26, 'agoosep', 'qSEHhCDE', 'Ailee', 'Goose', 'agoosep@blinklist.com', 3, '1980-01-28', 1, 1, 'student', 'active', 0);
insert into users (user_id, username, passwrd, first_name, last_name, email, users_fk_school_id, date_of_birth, available_loans, available_reservations, user_type, user_status, book_loans) values (27, 'czamudioq', 'gx6mqGbXfGI', 'Cissy', 'Zamudio', 'czamudioq@irs.gov', 9, '1994-04-27', 1, 1, 'student', 'inactive', 0);
insert into users (user_id, username, passwrd, first_name, last_name, email, users_fk_school_id, date_of_birth, available_loans, available_reservations, user_type, user_status, book_loans) values (28, 'chuglir', '1fOiluVDu', 'Carl', 'Hugli', 'chuglir@ucla.edu', 6, '1974-09-15', 1, 1, 'student', 'active', 0);
insert into users (user_id, username, passwrd, first_name, last_name, email, users_fk_school_id, date_of_birth, available_loans, available_reservations, user_type, user_status, book_loans) values (30, 'rjehaest', 'W4Tdw3', 'Renaud', 'Jehaes', 'rjehaest@washingtonpost.com', 10, '1982-01-22', 1, 1, 'student', 'inactive', 0);
insert into users (user_id, username, passwrd, first_name, last_name, email, users_fk_school_id, date_of_birth, available_loans, available_reservations, user_type, user_status, book_loans) values (31, 'hcrawforthu', 'vw1ZVWkBb', 'Hyatt', 'Crawforth', 'hcrawforthu@phoca.cz', 10, '1950-09-04', 1, 1, 'student', 'inactive', 0);
insert into users (user_id, username, passwrd, first_name, last_name, email, users_fk_school_id, date_of_birth, available_loans, available_reservations, user_type, user_status, book_loans) values (32, 'moliverasv', 'IHBWkrdF0jF', 'Mariam', 'Oliveras', 'moliverasv@ifeng.com', 6, '1974-09-14', 1, 1, 'student', 'inactive', 0);
insert into users (user_id, username, passwrd, first_name, last_name, email, users_fk_school_id, date_of_birth, available_loans, available_reservations, user_type, user_status, book_loans) values (33, 'ltwyningw', 'MM5uUl', 'Liva', 'Twyning', 'ltwyningw@g.co', 10, '1998-03-02', 1, 1, 'student', 'active', 0);
insert into users (user_id, username, passwrd, first_name, last_name, email, users_fk_school_id, date_of_birth, available_loans, available_reservations, user_type, user_status, book_loans) values (35, 'sdehny', '2K2k18d', 'Selle', 'Dehn', 'sdehny@vistaprint.com', 5, '1940-11-20', 1, 1, 'student', 'inactive', 0);
insert into users (user_id, username, passwrd, first_name, last_name, email, users_fk_school_id, date_of_birth, available_loans, available_reservations, user_type, user_status, book_loans) values (36, 'halenovz', '1RuOOXZ', 'Hestia', 'Alenov', 'halenovz@illinois.edu', 1, '1994-09-10', 1, 1, 'student', 'active', 0);
insert into users (user_id, username, passwrd, first_name, last_name, email, users_fk_school_id, date_of_birth, available_loans, available_reservations, user_type, user_status, book_loans) values (37, 'hham10', 'qm90Mga', 'Harold', 'Ham', 'hham10@ca.gov', 1, '1971-08-23', 1, 1, 'student', 'active', 0);
insert into users (user_id, username, passwrd, first_name, last_name, email, users_fk_school_id, date_of_birth, available_loans, available_reservations, user_type, user_status, book_loans) values (39, 'dyoule12', 'K4YcdD', 'Douglas', 'Youle', 'dyoule12@dyndns.org', 10, '1958-12-21', 1, 1, 'student', 'active', 0);
insert into users (user_id, username, passwrd, first_name, last_name, email, users_fk_school_id, date_of_birth, available_loans, available_reservations, user_type, user_status, book_loans) values (40, 'fmerkel13', 'eenRmZnTWs5', 'Floyd', 'Merkel', 'fmerkel13@topsy.com', 4, '1985-10-26', 1, 1, 'student', 'active', 0);
insert into users (user_id, username, passwrd, first_name, last_name, email, users_fk_school_id, date_of_birth, available_loans, available_reservations, user_type, user_status, book_loans) values (41, 'mblore14', 'KtjQC8mF5Rd', 'Melvyn', 'Blore', 'mblore14@google.ca', 4, '1980-07-22', 1, 1, 'student', 'inactive', 0);
insert into users (user_id, username, passwrd, first_name, last_name, email, users_fk_school_id, date_of_birth, available_loans, available_reservations, user_type, user_status, book_loans) values (42, 'bwadeling15', 'u3oYemDiY', 'Bettye', 'Wadeling', 'bwadeling15@ca.gov', 2, '1997-08-29', 1, 1, 'student', 'inactive', 0);
insert into users (user_id, username, passwrd, first_name, last_name, email, users_fk_school_id, date_of_birth, available_loans, available_reservations, user_type, user_status, book_loans) values (43, 'dmeasey16', 'ZwcxixfY0Ts', 'Dalila', 'Measey', 'dmeasey16@tripod.com', 3, '1995-04-17', 1, 1, 'student', 'inactive', 0);
insert into users (user_id, username, passwrd, first_name, last_name, email, users_fk_school_id, date_of_birth, available_loans, available_reservations, user_type, user_status, book_loans) values (44, 'clevens17', 'MQhMH2k', 'Chloe', 'Levens', 'clevens17@smh.com.au', 6, '1979-11-10', 1, 1, 'student', 'active', 0);
insert into users (user_id, username, passwrd, first_name, last_name, email, users_fk_school_id, date_of_birth, available_loans, available_reservations, user_type, user_status, book_loans) values (45, 'fgoggen18', 'phyWYrIZD3', 'Fitzgerald', 'Goggen', 'fgoggen18@sbwire.com', 1, '1961-05-28', 1, 1, 'student', 'active', 0);
insert into users (user_id, username, passwrd, first_name, last_name, email, users_fk_school_id, date_of_birth, available_loans, available_reservations, user_type, user_status, book_loans) values (46, 'vhansel19', '4lBD5CUFMvy', 'Victor', 'Hansel', 'vhansel19@wisc.edu', 2, '1982-09-28', 1, 1, 'student', 'inactive', 0);
insert into users (user_id, username, passwrd, first_name, last_name, email, users_fk_school_id, date_of_birth, available_loans, available_reservations, user_type, user_status, book_loans) values (47, 'gseldon1a', 'DLK1s7RNPDw', 'Gabey', 'Seldon', 'gseldon1a@thetimes.co.uk', 1, '1939-08-30', 1, 1, 'student', 'inactive', 0);
insert into users (user_id, username, passwrd, first_name, last_name, email, users_fk_school_id, date_of_birth, available_loans, available_reservations, user_type, user_status, book_loans) values (48, 'gcount1b', 'P9nk0FM', 'Garwood', 'Count', 'gcount1b@angelfire.com', 7, '1947-10-09', 1, 1, 'student', 'inactive', 0);
insert into users (user_id, username, passwrd, first_name, last_name, email, users_fk_school_id, date_of_birth, available_loans, available_reservations, user_type, user_status, book_loans) values (49, 'csherrott1c', 'sBvkx8', 'Cole', 'Sherrott', 'csherrott1c@whitehouse.gov', 4, '1945-01-01', 1, 1, 'student', 'inactive', 0);
insert into users (user_id, username, passwrd, first_name, last_name, email, users_fk_school_id, date_of_birth, available_loans, available_reservations, user_type, user_status, book_loans) values (50, 'hdrynan1d', 'CfEjmH', 'Hallsy', 'Drynan', 'hdrynan1d@vk.com', 4, '1997-12-13', 1, 1, 'student', 'active', 0);
insert into users (user_id, username, passwrd, first_name, last_name, email, users_fk_school_id, date_of_birth, available_loans, available_reservations, user_type, user_status, book_loans) values (52, 'smannin1f', 'SZAhKvd', 'Shermy', 'Mannin', 'smannin1f@netscape.com', 7, '1992-03-30', 1, 1, 'student', 'inactive', 0);
insert into users (user_id, username, passwrd, first_name, last_name, email, users_fk_school_id, date_of_birth, available_loans, available_reservations, user_type, user_status, book_loans) values (53, 'bvaskov1g', 'oJ2c4L5tS', 'Bradford', 'Vaskov', 'bvaskov1g@mail.ru', 9, '1940-02-12', 1, 1, 'student', 'inactive', 0);
insert into users (user_id, username, passwrd, first_name, last_name, email, users_fk_school_id, date_of_birth, available_loans, available_reservations, user_type, user_status, book_loans) values (54, 'atwyning1h', '4FAZuWc', 'Anton', 'Twyning', 'atwyning1h@amazon.co.jp', 10, '1989-08-12', 1, 1, 'student', 'active', 0);
insert into users (user_id, username, passwrd, first_name, last_name, email, users_fk_school_id, date_of_birth, available_loans, available_reservations, user_type, user_status, book_loans) values (55, 'dbelhome1i', 'zpriNNfKrn', 'Dietrich', 'Belhome', 'dbelhome1i@livejournal.com', 4, '2000-04-06', 1, 1, 'student', 'active', 0);
insert into users (user_id, username, passwrd, first_name, last_name, email, users_fk_school_id, date_of_birth, available_loans, available_reservations, user_type, user_status, book_loans) values (56, 'rcasado1j', 'IKVbJhyLctf', 'Rea', 'Casado', 'rcasado1j@behance.net', 6, '1995-05-24', 1, 1, 'student', 'inactive', 0);
insert into users (user_id, username, passwrd, first_name, last_name, email, users_fk_school_id, date_of_birth, available_loans, available_reservations, user_type, user_status, book_loans) values (58, 'jsowthcote1l', 'Rlb2Ky2ExXc', 'Josefa', 'Sowthcote', 'jsowthcote1l@gravatar.com', 9, '1969-09-27', 1, 1, 'student', 'active', 0);
insert into users (user_id, username, passwrd, first_name, last_name, email, users_fk_school_id, date_of_birth, available_loans, available_reservations, user_type, user_status, book_loans) values (59, 'ywalby1m', 'Mop7P6N1', 'Yovonnda', 'Walby', 'ywalby1m@wired.com', 3, '1968-04-24', 1, 1, 'student', 'active', 0);
insert into users (user_id, username, passwrd, first_name, last_name, email, users_fk_school_id, date_of_birth, available_loans, available_reservations, user_type, user_status, book_loans) values (61, 'barsey1o', '6Zs67gtNms', 'Berkeley', 'Arsey', 'barsey1o@fda.gov', 2, '1993-11-10', 1, 1, 'student', 'active', 0);
insert into users (user_id, username, passwrd, first_name, last_name, email, users_fk_school_id, date_of_birth, available_loans, available_reservations, user_type, user_status, book_loans) values (62, 'mbrown1p', 'UifNgPk', 'Melosa', 'Brown', 'mbrown1p@npr.org', 2, '1970-08-10', 1, 1, 'student', 'inactive', 0);
insert into users (user_id, username, passwrd, first_name, last_name, email, users_fk_school_id, date_of_birth, available_loans, available_reservations, user_type, user_status, book_loans) values (63, 'bminichi1q', 'CkuEor6nL', 'Byrle', 'Minichi', 'bminichi1q@bloglines.com', 7, '1985-05-14', 1, 1, 'student', 'inactive', 0);
insert into users (user_id, username, passwrd, first_name, last_name, email, users_fk_school_id, date_of_birth, available_loans, available_reservations, user_type, user_status, book_loans) values (64, 'pbonevant1r', 'PSIDJkLO', 'Phillis', 'Bonevant', 'pbonevant1r@chron.com', 3, '1995-12-16', 1, 1, 'student', 'inactive', 0);
insert into users (user_id, username, passwrd, first_name, last_name, email, users_fk_school_id, date_of_birth, available_loans, available_reservations, user_type, user_status, book_loans) values (65, 'sreeday1s', 'KLwqWZ3x2', 'Silvain', 'Reeday', 'sreeday1s@slashdot.org', 9, '1984-01-08', 1, 1, 'student', 'active', 0);
insert into users (user_id, username, passwrd, first_name, last_name, email, users_fk_school_id, date_of_birth, available_loans, available_reservations, user_type, user_status, book_loans) values (69, 'mbluett1w', '499gVcRN', 'Mimi', 'Bluett', 'mbluett1w@dion.ne.jp', 2, '1957-06-04', 1, 1, 'student', 'active', 0);
insert into users (user_id, username, passwrd, first_name, last_name, email, users_fk_school_id, date_of_birth, available_loans, available_reservations, user_type, user_status, book_loans) values (70, 'tlegrand1x', '0XbPrnts', 'Tamiko', 'Legrand', 'tlegrand1x@tuttocitta.it', 2, '2000-03-07', 1, 1, 'student', 'active', 0);
insert into users (user_id, username, passwrd, first_name, last_name, email, users_fk_school_id, date_of_birth, available_loans, available_reservations, user_type, user_status, book_loans) values (71, 'jeilhersen1y', 'uft42xa1Bz', 'Jami', 'Eilhersen', 'jeilhersen1y@nsw.gov.au', 9, '1938-07-26', 1, 1, 'student', 'active', 0);
insert into users (user_id, username, passwrd, first_name, last_name, email, users_fk_school_id, date_of_birth, available_loans, available_reservations, user_type, user_status, book_loans) values (72, 'kmathey1z', 'f9563m', 'Kev', 'Mathey', 'kmathey1z@reddit.com', 3, '1942-05-17', 1, 1, 'student', 'active', 0);
insert into users (user_id, username, passwrd, first_name, last_name, email, users_fk_school_id, date_of_birth, available_loans, available_reservations, user_type, user_status, book_loans) values (73, 'jmerrell20', 'obxvsNic9z', 'Jenda', 'Merrell', 'jmerrell20@unblog.fr', 10, '1966-09-11', 1, 1, 'student', 'inactive', 0);
insert into users (user_id, username, passwrd, first_name, last_name, email, users_fk_school_id, date_of_birth, available_loans, available_reservations, user_type, user_status, book_loans) values (74, 'wboyack21', 'wvx06U3', 'Welsh', 'Boyack', 'wboyack21@gov.uk', 7, '1992-01-12', 1, 1, 'student', 'inactive', 0);
insert into users (user_id, username, passwrd, first_name, last_name, email, users_fk_school_id, date_of_birth, available_loans, available_reservations, user_type, user_status, book_loans) values (75, 'ehairon22', '8mUsaJ', 'Evanne', 'Hairon', 'ehairon22@devhub.com', 6, '1984-01-26', 1, 1, 'student', 'active', 0);
insert into users (user_id, username, passwrd, first_name, last_name, email, users_fk_school_id, date_of_birth, available_loans, available_reservations, user_type, user_status, book_loans) values (76, 'edesseine23', 'x8LBtTTr3IV', 'Elisha', 'Desseine', 'edesseine23@dion.ne.jp', 1, '1990-01-26', 1, 1, 'student', 'active', 0);
insert into users (user_id, username, passwrd, first_name, last_name, email, users_fk_school_id, date_of_birth, available_loans, available_reservations, user_type, user_status, book_loans) values (77, 'cjelley24', 'bUzslJ', 'Conway', 'Jelley', 'cjelley24@irs.gov', 5, '1950-04-25', 1, 1, 'student', 'active', 0);
insert into users (user_id, username, passwrd, first_name, last_name, email, users_fk_school_id, date_of_birth, available_loans, available_reservations, user_type, user_status, book_loans) values (78, 'xwiltshear25', 'mryKsuJA0tjM', 'Ximenes', 'Wiltshear', 'xwiltshear25@desdev.cn', 7, '1964-10-09', 1, 1, 'student', 'active', 0);
insert into users (user_id, username, passwrd, first_name, last_name, email, users_fk_school_id, date_of_birth, available_loans, available_reservations, user_type, user_status, book_loans) values (80, 'ehattam27', '1LMRf5pSunQD', 'Elly', 'Hattam', 'ehattam27@artisteer.com', 9, '1978-02-05', 1, 1, 'student', 'active', 0);
insert into users (user_id, username, passwrd, first_name, last_name, email, users_fk_school_id, date_of_birth, available_loans, available_reservations, user_type, user_status, book_loans) values (81, 'whonatsch28', 'fnMuqPmwA8pN', 'Waldo', 'Honatsch', 'whonatsch28@umich.edu', 9, '1974-03-18', 1, 1, 'student', 'active', 0);
insert into users (user_id, username, passwrd, first_name, last_name, email, users_fk_school_id, date_of_birth, available_loans, available_reservations, user_type, user_status, book_loans) values (82, 'dyetton29', 'qGw7T1SUba', 'Darci', 'Yetton', 'dyetton29@about.com', 9, '1990-07-11', 1, 1, 'student', 'inactive', 0);
insert into users (user_id, username, passwrd, first_name, last_name, email, users_fk_school_id, date_of_birth, available_loans, available_reservations, user_type, user_status, book_loans) values (83, 'mmokes2a', 'aZ1DCbbV', 'Micheline', 'Mokes', 'mmokes2a@nationalgeographic.com', 6, '1939-12-25', 1, 1, 'student', 'active', 0);
insert into users (user_id, username, passwrd, first_name, last_name, email, users_fk_school_id, date_of_birth, available_loans, available_reservations, user_type, user_status, book_loans) values (85, 'rpowys2c', 'UojQkU5inGP', 'Rosabella', 'Powys', 'rpowys2c@telegraph.co.uk', 3, '1976-01-19', 1, 1, 'student', 'inactive', 0);
insert into users (user_id, username, passwrd, first_name, last_name, email, users_fk_school_id, date_of_birth, available_loans, available_reservations, user_type, user_status, book_loans) values (86, 'bgiuron2d', 'EEmRaYQLj', 'Byrann', 'Giuron', 'bgiuron2d@about.me', 10, '1959-03-23', 1, 1, 'student', 'inactive', 0);
insert into users (user_id, username, passwrd, first_name, last_name, email, users_fk_school_id, date_of_birth, available_loans, available_reservations, user_type, user_status, book_loans) values (88, 'lshemmin2f', 'OBjZI3MfmlZI', 'Linn', 'Shemmin', 'lshemmin2f@indiatimes.com', 9, '1965-11-30', 1, 1, 'student', 'inactive', 0);
insert into users (user_id, username, passwrd, first_name, last_name, email, users_fk_school_id, date_of_birth, available_loans, available_reservations, user_type, user_status, book_loans) values (89, 'jbeagin2g', 'gyQVemtK', 'Johnette', 'Beagin', 'jbeagin2g@home.pl', 7, '1966-03-06', 1, 1, 'student', 'inactive', 0);
insert into users (user_id, username, passwrd, first_name, last_name, email, users_fk_school_id, date_of_birth, available_loans, available_reservations, user_type, user_status, book_loans) values (90, 'aeloy2h', 'PL9M8DJzv', 'Antonia', 'Eloy', 'aeloy2h@tamu.edu', 8, '1961-03-29', 1, 1, 'student', 'active', 0);
insert into users (user_id, username, passwrd, first_name, last_name, email, users_fk_school_id, date_of_birth, available_loans, available_reservations, user_type, user_status, book_loans) values (91, 'etax2i', '3cmSm6', 'Emalia', 'Tax', 'etax2i@comsenz.com', 1, '2000-01-26', 1, 1, 'student', 'inactive', 0);
insert into users (user_id, username, passwrd, first_name, last_name, email, users_fk_school_id, date_of_birth, available_loans, available_reservations, user_type, user_status, book_loans) values (92, 'kklishin2j', '6EThLAwFRO', 'Kordula', 'Klishin', 'kklishin2j@harvard.edu', 8, '1971-03-09', 1, 1, 'student', 'active', 0);
insert into users (user_id, username, passwrd, first_name, last_name, email, users_fk_school_id, date_of_birth, available_loans, available_reservations, user_type, user_status, book_loans) values (93, 'ccarette2k', '2TjOTVQ', 'Carlin', 'Carette', 'ccarette2k@yellowpages.com', 6, '1986-11-11', 1, 1, 'student', 'active', 0);
insert into users (user_id, username, passwrd, first_name, last_name, email, users_fk_school_id, date_of_birth, available_loans, available_reservations, user_type, user_status, book_loans) values (94, 'mchisnall2l', 'TwzkUHxWeqL', 'Marketa', 'Chisnall', 'mchisnall2l@digg.com', 8, '1953-01-24', 1, 1, 'student', 'active', 0);
insert into users (user_id, username, passwrd, first_name, last_name, email, users_fk_school_id, date_of_birth, available_loans, available_reservations, user_type, user_status, book_loans) values (96, 'jklos2n', 'YI64Dw', 'Juliane', 'Klos', 'jklos2n@elegantthemes.com', 7, '1961-04-02', 1, 1, 'student', 'active', 0);
insert into users (user_id, username, passwrd, first_name, last_name, email, users_fk_school_id, date_of_birth, available_loans, available_reservations, user_type, user_status, book_loans) values (97, 'psabater2o', 'TTjIGiEryaSf', 'Patricio', 'Sabater', 'psabater2o@tumblr.com', 9, '1944-04-18', 1, 1, 'student', 'inactive', 0);
insert into users (user_id, username, passwrd, first_name, last_name, email, users_fk_school_id, date_of_birth, available_loans, available_reservations, user_type, user_status, book_loans) values (98, 'cdiggins2p', 'lbkDRV21bkSn', 'Cecile', 'Diggins', 'cdiggins2p@craigslist.org', 5, '1982-06-28', 1, 1, 'student', 'inactive', 0);
insert into users (user_id, username, passwrd, first_name, last_name, email, users_fk_school_id, date_of_birth, available_loans, available_reservations, user_type, user_status, book_loans) values (99, 'calliban2q', 'GBqnoJ72LJYx', 'Carmine', 'Alliban', 'calliban2q@ocn.ne.jp', 9, '1947-06-19', 1, 1, 'student', 'active', 0);
insert into users (user_id, username, passwrd, first_name, last_name, email, users_fk_school_id, date_of_birth, available_loans, available_reservations, user_type, user_status, book_loans) values (100, 'kbeadman2r', 'NpyGtT', 'Kissiah', 'Beadman', 'kbeadman2r@parallels.com', 5, '1948-09-27', 1, 1, 'student', 'active', 0);
insert into users (user_id, username, passwrd, first_name, last_name, email, users_fk_school_id, date_of_birth, available_loans, available_reservations, user_type, user_status, book_loans) values (2, 'pmercik1', 'PZL8egliUw7', 'Petunia', 'Mercik', 'pmercik1@123-reg.co.uk', 3, '1976-08-17', 2, 2, 'teacher', 'inactive', 0);
insert into users (user_id, username, passwrd, first_name, last_name, email, users_fk_school_id, date_of_birth, available_loans, available_reservations, user_type, user_status, book_loans) values (20, 'nahrensj', 'Pu230Jg5CsVT', 'Napoleon', 'Ahrens', 'nahrensj@cam.ac.uk', 10, '1969-07-15', 2, 2, 'teacher', 'inactive', 0);
insert into users (user_id, username, passwrd, first_name, last_name, email, users_fk_school_id, date_of_birth, available_loans, available_reservations, user_type, user_status, book_loans) values (22, 'awestgarthl', '9HdiZqncYUm', 'Asa', 'Westgarth', 'awestgarthl@unblog.fr', 8, '1981-06-02', 2, 2, 'teacher', 'active', 0);
insert into users (user_id, username, passwrd, first_name, last_name, email, users_fk_school_id, date_of_birth, available_loans, available_reservations, user_type, user_status, book_loans) values (29, 'dhinkensens', 'we4sB6nYc5M', 'Damaris', 'Hinkensen', 'dhinkensens@domainmarket.com', 1, '1986-10-11', 2, 2, 'teacher', 'active', 0);
insert into users (user_id, username, passwrd, first_name, last_name, email, users_fk_school_id, date_of_birth, available_loans, available_reservations, user_type, user_status, book_loans) values (34, 'cmehaffeyx', 'TZ7TkO', 'Charita', 'Mehaffey', 'cmehaffeyx@sohu.com', 6, '1977-05-02', 2, 2, 'teacher', 'inactive', 0);
insert into users (user_id, username, passwrd, first_name, last_name, email, users_fk_school_id, date_of_birth, available_loans, available_reservations, user_type, user_status, book_loans) values (38, 'lfeild11', 'iuQjq8Ls', 'Lewie', 'Feild', 'lfeild11@xrea.com', 10, '1970-01-10', 2, 2, 'teacher', 'active', 0);
insert into users (user_id, username, passwrd, first_name, last_name, email, users_fk_school_id, date_of_birth, available_loans, available_reservations, user_type, user_status, book_loans) values (51, 'cboxall1e', 'xCG81F', 'Chalmers', 'Boxall', 'cboxall1e@dmoz.org', 8, '1999-08-09', 2, 2, 'teacher', 'active', 0);
insert into users (user_id, username, passwrd, first_name, last_name, email, users_fk_school_id, date_of_birth, available_loans, available_reservations, user_type, user_status, book_loans) values (57, 'ntayloe1k', 'sGK0tmO3Br84', 'Nathan', 'Tayloe', 'ntayloe1k@myspace.com', 4, '1950-01-27', 2, 2, 'teacher', 'inactive', 0);
insert into users (user_id, username, passwrd, first_name, last_name, email, users_fk_school_id, date_of_birth, available_loans, available_reservations, user_type, user_status, book_loans) values (60, 'aisack1n', 'xSA9u9F4QV1F', 'Ayn', 'Isack', 'aisack1n@trellian.com', 9, '1976-04-14', 2, 2, 'teacher', 'active', 0);
insert into users (user_id, username, passwrd, first_name, last_name, email, users_fk_school_id, date_of_birth, available_loans, available_reservations, user_type, user_status, book_loans) values (66, 'lcoltart1t', 'I5779X', 'Leontine', 'Coltart', 'lcoltart1t@pagesperso-orange.fr', 3, '1975-10-06', 2, 2, 'teacher', 'active', 0);
insert into users (user_id, username, passwrd, first_name, last_name, email, users_fk_school_id, date_of_birth, available_loans, available_reservations, user_type, user_status, book_loans) values (67, 'ggillespie1u', 'WYzGbfo', 'Guillaume', 'Gillespie', 'ggillespie1u@prnewswire.com', 6, '1975-05-29', 2, 2, 'teacher', 'inactive', 0);
insert into users (user_id, username, passwrd, first_name, last_name, email, users_fk_school_id, date_of_birth, available_loans, available_reservations, user_type, user_status, book_loans) values (68, 'ahurlin1v', 'B9b8D8BDvCS', 'Adan', 'Hurlin', 'ahurlin1v@newsvine.com', 5, '1992-08-21', 2, 2, 'teacher', 'inactive', 0);
insert into users (user_id, username, passwrd, first_name, last_name, email, users_fk_school_id, date_of_birth, available_loans, available_reservations, user_type, user_status, book_loans) values (79, 'cskough26', 'ATrlVbeko', 'Claudell', 'Skough', 'cskough26@guardian.co.uk', 10, '1961-07-03', 2, 2, 'teacher', 'inactive', 0);
insert into users (user_id, username, passwrd, first_name, last_name, email, users_fk_school_id, date_of_birth, available_loans, available_reservations, user_type, user_status, book_loans) values (84, 'dreedie2b', '6bBHg42H', 'Donelle', 'Reedie', 'dreedie2b@jugem.jp', 8, '1963-01-08', 2, 2, 'teacher', 'active', 0);
insert into users (user_id, username, passwrd, first_name, last_name, email, users_fk_school_id, date_of_birth, available_loans, available_reservations, user_type, user_status, book_loans) values (87, 'opostles2e', 'LbQWZb40KaCu', 'Ophelia', 'Postles', 'opostles2e@wunderground.com', 9, '1988-03-10', 2, 2, 'teacher', 'inactive', 0);
insert into users (user_id, username, passwrd, first_name, last_name, email, users_fk_school_id, date_of_birth, available_loans, available_reservations, user_type, user_status, book_loans) values (95, 'dandriolli2m', 'g0TImV', 'Dunn', 'Andriolli', 'dandriolli2m@fda.gov', 10, '1982-07-17', 2, 2, 'teacher', 'active', 0);
insert into users (user_id, username, passwrd, first_name, last_name, email, users_fk_school_id, date_of_birth, available_loans, available_reservations, user_type, user_status, book_loans) values (101, 'eieqiuxnq', 'wew4wfe', 'Jeff', 'Bezos', 'ewd@ntua.gr', 6, '1994-07-26', 2, 2, 'admin', 'active', 0);
insert into users (user_id, username, passwrd, first_name, last_name, email, users_fk_school_id, date_of_birth, available_loans, available_reservations, user_type, user_status, book_loans) values (102, 'trvesr', 'gt56', 'Rowe', 'Mattheis', 'rwwa@wmix.com', 1, '1991-09-09', 2, 2, 'school admin', 'active', 0);
insert into users (user_id, username, passwrd, first_name, last_name, email, users_fk_school_id, date_of_birth, available_loans, available_reservations, user_type, user_status, book_loans) values (103, 'evs', '5g6v', 'Daffie', 'Pipkin', '2kso@gmail.com', 2, '1972-10-15', 2, 2, 'school admin', 'active', 0);
insert into users (user_id, username, passwrd, first_name, last_name, email, users_fk_school_id, date_of_birth, available_loans, available_reservations, user_type, user_status, book_loans) values (104, 'er', 'h78k9n', 'Doy', 'Colly', 'eduw@ntua.com', 3, '1960-03-07', 2, 2, 'school admin', 'active', 0);
insert into users (user_id, username, passwrd, first_name, last_name, email, users_fk_school_id, date_of_birth, available_loans, available_reservations, user_type, user_status, book_loans) values (105, 'eavererv', 'btr723', 'Starr', 'Riediger', 'eqqqw@gmail.com', 4, '1940-02-25', 2, 2, 'school admin', 'active', 0);
insert into users (user_id, username, passwrd, first_name, last_name, email, users_fk_school_id, date_of_birth, available_loans, available_reservations, user_type, user_status, book_loans) values (106, 'eerv', 'fr6mgj', 'Murdoch', 'McLaren', 'qwd@yahoo.com', 5, '1987-05-15', 2, 2, 'school admin', 'active', 0);
insert into users (user_id, username, passwrd, first_name, last_name, email, users_fk_school_id, date_of_birth, available_loans, available_reservations, user_type, user_status, book_loans) values (107, 'mguyn', 'nujiklo', 'Billy', 'McDunlevy', 'qw2s@yahoo.com', 6, '1959-12-27', 2, 2, 'school admin', 'active', 0);
insert into users (user_id, username, passwrd, first_name, last_name, email, users_fk_school_id, date_of_birth, available_loans, available_reservations, user_type, user_status, book_loans) values (108, 'wef4', 'yfgy77', 'Adeline', 'Temperton', '2d232@yahoo.com', 7, '1960-08-05', 2, 2, 'school admin', 'active', 0);
insert into users (user_id, username, passwrd, first_name, last_name, email, users_fk_school_id, date_of_birth, available_loans, available_reservations, user_type, user_status, book_loans) values (109, 'v665h', 'ydtbte', 'Carol', 'Soames', 'ecw@yahoo.com', 8, '1996-10-24', 2, 2, 'school admin', 'active', 0);
insert into users (user_id, username, passwrd, first_name, last_name, email, users_fk_school_id, date_of_birth, available_loans, available_reservations, user_type, user_status, book_loans) values (110, 'yb7e55wgf', '56q43f4', 'Jarret', 'Prazer', 'dww1q@yahoo.com', 9, '1963-06-06', 2, 2, 'school admin', 'active', 0);
insert into users (user_id, username, passwrd, first_name, last_name, email, users_fk_school_id, date_of_birth, available_loans, available_reservations, user_type, user_status, book_loans) values (111, 'trtdhe56', 'g54g6h', 'Skipper', 'Malden', 'ctehyu@yahoo.com', 10, '1952-10-29', 2, 2, 'school admin', 'active', 0);
